time,"V(B1|XDUT)","V(B2|XDUT)","P(B1|XDUT)","P(B2|XDUT)"
0.000000e+00,0.000000e+00,0.000000e+00,0.000000e+00,0.000000e+00
1.000000e-13,1.044930e-06,1.146188e-06,2.116705e-04,2.321822e-04
2.000000e-13,3.379509e-06,3.712878e-06,9.668111e-04,1.061690e-03
3.000000e-13,6.950885e-06,7.657356e-06,2.626558e-03,2.889336e-03
4.000000e-13,1.155409e-05,1.277829e-05,5.520308e-03,6.087037e-03
5.000000e-13,1.689673e-05,1.878252e-05,9.907645e-03,1.095769e-02
6.000000e-13,2.263853e-05,2.532271e-05,1.595596e-02,1.771084e-02
7.000000e-13,2.842323e-05,3.202643e-05,2.372972e-02,2.644945e-02
8.000000e-13,3.390709e-05,3.852228e-05,3.318951e-02,3.716574e-02
9.000000e-13,3.878396e-05,4.446371e-05,4.419919e-02,4.974481e-02
1.000000e-12,4.280593e-05,4.955015e-05,5.654025e-02,6.397516e-02
1.100000e-12,4.579832e-05,5.354420e-05,6.993125e-02,7.956500e-02
1.200000e-12,4.766837e-05,5.628425e-05,8.405105e-02,9.616306e-02
1.300000e-12,4.840732e-05,5.769172e-05,9.856347e-02,1.133823e-01
1.400000e-12,4.808600e-05,5.777281e-05,1.131417e-01,1.308250e-01
1.500000e-12,4.684483e-05,5.661473e-05,1.274904e-01,1.481077e-01
1.600000e-12,4.487921e-05,5.437698e-05,1.413644e-01,1.648836e-01
1.700000e-12,4.242175e-05,5.127840e-05,1.545824e-01,1.808630e-01
1.800000e-12,3.972298e-05,4.758108e-05,1.670351e-01,1.958279e-01
1.900000e-12,3.703191e-05,4.357222e-05,1.786875e-01,2.096426e-01
2.000000e-12,3.457820e-05,3.954527e-05,1.895761e-01,2.222582e-01
2.100000e-12,3.255689e-05,3.578150e-05,1.998006e-01,2.337116e-01
2.200000e-12,3.111681e-05,3.253313e-05,2.095121e-01,2.441196e-01
2.300000e-12,3.035319e-05,3.000895e-05,2.188979e-01,2.536678e-01
2.400000e-12,3.030476e-05,2.836322e-05,2.281653e-01,2.625960e-01
2.500000e-12,3.095523e-05,2.768838e-05,2.375250e-01,2.711809e-01
2.600000e-12,3.223867e-05,2.801176e-05,2.471755e-01,2.797169e-01
2.700000e-12,3.404816e-05,2.929657e-05,2.572894e-01,2.884968e-01
2.800000e-12,3.624683e-05,3.144675e-05,2.680032e-01,2.977935e-01
2.900000e-12,3.868023e-05,3.431536e-05,2.794099e-01,3.078437e-01
3.000000e-12,4.118904e-05,3.771591e-05,2.915557e-01,3.188338e-01
3.100000e-12,4.362115e-05,4.143575e-05,3.044406e-01,3.308908e-01
3.200000e-12,4.584216e-05,4.525068e-05,3.180218e-01,3.440762e-01
3.300000e-12,4.774376e-05,4.893965e-05,3.322202e-01,3.583849e-01
3.400000e-12,4.924932e-05,5.229880e-05,3.469294e-01,3.737486e-01
3.500000e-12,5.031677e-05,5.515376e-05,3.620251e-01,3.900423e-01
3.600000e-12,5.093851e-05,5.736950e-05,3.773756e-01,4.070948e-01
3.700000e-12,5.113886e-05,5.885722e-05,3.928516e-01,4.247016e-01
3.800000e-12,5.096928e-05,5.957793e-05,4.083350e-01,4.426392e-01
3.900000e-12,5.050209e-05,5.954262e-05,4.237263e-01,4.606799e-01
4.000000e-12,4.982328e-05,5.880921e-05,4.389494e-01,4.786064e-01
4.100000e-12,4.902499e-05,5.747667e-05,4.539547e-01,4.962249e-01
4.200000e-12,4.819836e-05,5.567688e-05,4.687200e-01,5.133761e-01
4.300000e-12,4.742721e-05,5.356482e-05,4.832490e-01,5.299438e-01
4.400000e-12,4.678293e-05,5.130790e-05,4.975688e-01,5.458597e-01
4.500000e-12,4.632085e-05,4.907513e-05,5.117252e-01,5.611061e-01
4.600000e-12,4.607826e-05,4.702676e-05,5.257781e-01,5.757144e-01
4.700000e-12,4.607394e-05,4.530504e-05,5.397955e-01,5.897613e-01
4.800000e-12,4.630911e-05,4.402661e-05,5.538488e-01,6.033620e-01
4.900000e-12,4.676963e-05,4.327674e-05,5.680073e-01,6.166620e-01
5.000000e-12,4.742902e-05,4.310593e-05,5.823344e-01,6.298273e-01
5.100000e-12,4.720712e-05,4.238244e-05,5.966728e-01,6.428011e-01
5.200000e-12,4.580531e-05,4.079411e-05,6.107310e-01,6.553894e-01
5.300000e-12,4.321494e-05,3.830617e-05,6.241711e-01,6.673451e-01
5.400000e-12,3.957294e-05,3.500473e-05,6.366674e-01,6.784212e-01
5.500000e-12,3.510130e-05,3.103789e-05,6.479432e-01,6.884005e-01
5.600000e-12,3.007273e-05,2.658886e-05,6.577937e-01,6.971131e-01
5.700000e-12,2.478438e-05,2.185949e-05,6.660977e-01,7.044453e-01
5.800000e-12,1.953473e-05,1.705750e-05,6.728228e-01,7.103447e-01
5.900000e-12,1.460298e-05,1.238549e-05,6.780226e-01,7.148201e-01
6.000000e-12,1.023160e-05,8.031346e-06,6.818285e-01,7.179388e-01
6.100000e-12,6.612568e-06,4.160111e-06,6.844367e-01,7.198210e-01
6.200000e-12,3.877903e-06,9.072708e-07,6.860916e-01,7.206323e-01
6.300000e-12,2.094781e-06,-1.626250e-06,6.870675e-01,7.205732e-01
6.400000e-12,1.265242e-06,-3.377409e-06,6.876492e-01,7.198694e-01
6.500000e-12,1.330243e-06,-4.322582e-06,6.881125e-01,7.187592e-01
6.600000e-12,2.177564e-06,-4.477309e-06,6.887081e-01,7.174821e-01
6.700000e-12,3.652807e-06,-3.894274e-06,6.896465e-01,7.162676e-01
6.800000e-12,5.572607e-06,-2.659610e-06,6.910882e-01,7.153240e-01
6.900000e-12,7.738985e-06,-8.877038e-07,6.931364e-01,7.148296e-01
7.000000e-12,9.953785e-06,1.285269e-06,6.958355e-01,7.149252e-01
7.100000e-12,1.203215e-05,3.708759e-06,6.991725e-01,7.157083e-01
7.200000e-12,1.381415e-05,6.225828e-06,7.030832e-01,7.172305e-01
7.300000e-12,1.517376e-05,8.681296e-06,7.074605e-01,7.194965e-01
7.400000e-12,1.602489e-05,1.092960e-05,7.121657e-01,7.224658e-01
7.500000e-12,1.632401e-05,1.284197e-05,7.170409e-01,7.260570e-01
7.600000e-12,1.606973e-05,1.431252e-05,7.219211e-01,7.301533e-01
7.700000e-12,1.529929e-05,1.526300e-05,7.266471e-01,7.346106e-01
7.800000e-12,1.408279e-05,1.564590e-05,7.310751e-01,7.392657e-01
7.900000e-12,1.251556e-05,1.544592e-05,7.350864e-01,7.439463e-01
8.000000e-12,1.070938e-05,1.467965e-05,7.385929e-01,7.484801e-01
8.100000e-12,8.783428e-06,1.339368e-05,7.415410e-01,7.527045e-01
8.200000e-12,6.855388e-06,1.166116e-05,7.439123e-01,7.564748e-01
8.300000e-12,5.033511e-06,9.577181e-06,7.457224e-01,7.596717e-01
8.400000e-12,3.409965e-06,7.253142e-06,7.470165e-01,7.622065e-01
8.500000e-12,2.055888e-06,4.810476e-06,7.478644e-01,7.640259e-01
8.600000e-12,1.018327e-06,2.374029e-06,7.483533e-01,7.651133e-01
8.700000e-12,3.191101e-07,6.542242e-08,7.485809e-01,7.654890e-01
8.800000e-12,-4.441142e-08,-2.003271e-06,7.486477e-01,7.652085e-01
8.900000e-12,-9.695615e-08,-3.735259e-06,7.486504e-01,7.643583e-01
9.000000e-12,1.184556e-07,-5.053874e-06,7.486753e-01,7.630511e-01
9.100000e-12,5.452565e-07,-5.906306e-06,7.487940e-01,7.614190e-01
9.200000e-12,1.118650e-06,-6.266029e-06,7.490602e-01,7.596056e-01
9.300000e-12,1.771059e-06,-6.133779e-06,7.495077e-01,7.577587e-01
9.400000e-12,2.437281e-06,-5.537047e-06,7.501506e-01,7.560214e-01
9.500000e-12,3.059004e-06,-4.528084e-06,7.509845e-01,7.545250e-01
9.600000e-12,3.588379e-06,-3.180536e-06,7.519894e-01,7.533820e-01
9.700000e-12,3.990461e-06,-1.584904e-06,7.531327e-01,7.526799e-01
9.800000e-12,4.244434e-06,1.569103e-07,7.543736e-01,7.524777e-01
9.900000e-12,4.343619e-06,1.937646e-06,7.556671e-01,7.528028e-01
1.000000e-11,4.294389e-06,3.650932e-06,7.569682e-01,7.536507e-01
1.010000e-11,5.126562e-06,5.260262e-06,7.584404e-01,7.549989e-01
1.020000e-11,8.364732e-06,6.782005e-06,7.606255e-01,7.568221e-01
1.030000e-11,1.553656e-05,8.270983e-06,7.645011e-01,7.591053e-01
1.040000e-11,2.787326e-05,9.814508e-06,7.714393e-01,7.618545e-01
1.050000e-11,4.615604e-05,1.152971e-05,7.831018e-01,7.651064e-01
1.060000e-11,7.066070e-05,1.355983e-05,8.013029e-01,7.689372e-01
1.070000e-11,1.011735e-04,1.606745e-05,8.278646e-01,7.734689e-01
1.080000e-11,1.370634e-04,1.922425e-05,8.644833e-01,7.788737e-01
1.090000e-11,1.774003e-04,2.319814e-05,9.126253e-01,7.853746e-01
1.100000e-11,2.211076e-04,2.813925e-05,9.734622e-01,7.932416e-01
1.110000e-11,2.661241e-04,3.410403e-05,1.047650e+00,8.027724e-01
1.120000e-11,3.100884e-04,4.106738e-05,1.135193e+00,8.142683e-01
1.130000e-11,3.509585e-04,4.893599e-05,1.235468e+00,8.280132e-01
1.140000e-11,3.873867e-04,5.755777e-05,1.347365e+00,8.442543e-01
1.150000e-11,4.188854e-04,6.673259e-05,1.469517e+00,8.631859e-01
1.160000e-11,4.458394e-04,7.622814e-05,1.600548e+00,8.849379e-01
1.170000e-11,4.694128e-04,8.580161e-05,1.739313e+00,9.095693e-01
1.180000e-11,4.913955e-04,9.522596e-05,1.885110e+00,9.370696e-01
1.190000e-11,5.140319e-04,1.043184e-04,2.037836e+00,9.673680e-01
1.200000e-11,5.398619e-04,1.129683e-04,2.198104e+00,1.000351e+00
1.210000e-11,5.715921e-04,1.211619e-04,2.367313e+00,1.035889e+00
1.220000e-11,6.119921e-04,1.290029e-04,2.547687e+00,1.073868e+00
1.230000e-11,6.637869e-04,1.367256e-04,2.742274e+00,1.114223e+00
1.240000e-11,7.294837e-04,1.447038e-04,2.954907e+00,1.156988e+00
1.250000e-11,8.110243e-04,1.534504e-04,3.190073e+00,1.202327e+00
1.260000e-11,9.091123e-04,1.636105e-04,3.452620e+00,1.250582e+00
1.270000e-11,1.022047e-03,1.759420e-04,3.747171e+00,1.302308e+00
1.280000e-11,1.144030e-03,1.912787e-04,4.077099e+00,1.358297e+00
1.290000e-11,1.263349e-03,2.104693e-04,4.442991e+00,1.419594e+00
1.300000e-11,1.361700e-03,2.342876e-04,4.840793e+00,1.487486e+00
1.310000e-11,1.415468e-03,2.632611e-04,5.260123e+00,1.563445e+00
1.320000e-11,1.402365e-03,2.975920e-04,5.683976e+00,1.649048e+00
1.330000e-11,1.309543e-03,3.371294e-04,6.090533e+00,1.745874e+00
1.340000e-11,1.138258e-03,3.814189e-04,6.456628e+00,1.855413e+00
1.350000e-11,9.025100e-04,4.298401e-04,6.761480e+00,1.978998e+00
1.360000e-11,6.235928e-04,4.818017e-04,6.989418e+00,2.117792e+00
1.370000e-11,3.244690e-04,5.369397e-04,7.131124e+00,2.272823e+00
1.380000e-11,2.645206e-05,5.952620e-04,7.183718e+00,2.445082e+00
1.390000e-11,-2.516388e-04,6.571865e-04,7.150275e+00,2.635627e+00
1.400000e-11,-4.930439e-04,7.234302e-04,7.039252e+00,2.845687e+00
1.410000e-11,-6.817714e-04,7.947648e-04,6.864139e+00,3.076702e+00
1.420000e-11,-8.039839e-04,8.714420e-04,6.642906e+00,3.330234e+00
1.430000e-11,-8.504847e-04,9.523223e-04,6.396879e+00,3.607655e+00
1.440000e-11,-8.190340e-04,1.033755e-03,6.148960e+00,3.909536e+00
1.450000e-11,-7.151259e-04,1.108470e-03,5.921457e+00,4.234704e+00
1.460000e-11,-5.507663e-04,1.165120e-03,5.734055e+00,4.579111e+00
1.470000e-11,-3.420585e-04,1.189363e-03,5.602297e+00,4.934841e+00
1.490000e-11,1.364223e-04,1.088350e-03,5.542502e+00,5.628605e+00
1.500000e-11,3.696900e-04,9.519377e-04,5.619315e+00,5.934368e+00
1.510000e-11,5.750712e-04,7.653475e-04,5.761411e+00,6.191325e+00
1.520000e-11,7.359704e-04,5.433455e-04,5.957861e+00,6.387042e+00
1.530000e-11,8.388947e-04,3.045636e-04,6.193279e+00,6.513976e+00
1.540000e-11,8.758330e-04,6.842330e-05,6.449168e+00,6.570148e+00
1.550000e-11,8.459332e-04,-1.469594e-04,6.705824e+00,6.559103e+00
1.560000e-11,7.554232e-04,-3.260352e-04,6.944401e+00,6.489376e+00
1.570000e-11,6.157682e-04,-4.567416e-04,7.148663e+00,6.373612e+00
1.580000e-11,4.410593e-04,-5.313710e-04,7.306095e+00,6.227385e+00
1.590000e-11,2.457903e-04,-5.472524e-04,7.408362e+00,6.067786e+00
1.600000e-11,4.364268e-05,-5.068741e-04,7.451291e+00,5.911910e+00
1.610000e-11,-1.527603e-04,-4.172315e-04,7.434657e+00,5.775433e+00
1.620000e-11,-3.315629e-04,-2.885752e-04,7.361947e+00,5.671484e+00
1.630000e-11,-4.814024e-04,-1.330133e-04,7.240194e+00,5.609890e+00
1.640000e-11,-5.916323e-04,3.660945e-05,7.079763e+00,5.596775e+00
1.650000e-11,-6.532767e-04,2.074009e-04,6.893952e+00,5.634416e+00
1.660000e-11,-6.605294e-04,3.668199e-04,6.698213e+00,5.721269e+00
1.670000e-11,-6.121897e-04,5.031018e-04,6.508955e+00,5.852133e+00
1.680000e-11,-5.123465e-04,6.059926e-04,6.342084e+00,6.018510e+00
1.690000e-11,-3.700006e-04,6.678305e-04,6.211510e+00,6.209250e+00
1.700000e-11,-1.978683e-04,6.846589e-04,6.127903e+00,6.411521e+00
1.710000e-11,-1.088456e-05,6.568594e-04,6.097829e+00,6.612004e+00
1.720000e-11,1.752010e-04,5.889370e-04,6.123295e+00,6.798132e+00
1.730000e-11,3.450690e-04,4.885060e-04,6.201684e+00,6.959131e+00
1.740000e-11,4.850620e-04,3.648932e-04,6.326072e+00,7.086713e+00
1.750000e-11,5.844934e-04,2.278561e-04,6.485935e+00,7.175398e+00
1.760000e-11,6.368500e-04,8.672705e-05,6.668228e+00,7.222527e+00
1.770000e-11,6.404768e-04,-4.996740e-05,6.858734e+00,7.228115e+00
1.780000e-11,5.983978e-04,-1.745652e-04,7.043452e+00,7.194616e+00
1.790000e-11,5.172882e-04,-2.802330e-04,7.209812e+00,7.126683e+00
1.800000e-11,4.059999e-04,-3.610412e-04,7.347508e+00,7.030903e+00
1.810000e-11,2.741626e-04,-4.122587e-04,7.448944e+00,6.915466e+00
1.820000e-11,1.312283e-04,-4.308343e-04,7.509338e+00,6.789713e+00
1.830000e-11,-1.394890e-05,-4.159084e-04,7.526644e+00,6.663545e+00
1.840000e-11,-1.531249e-04,-3.691419e-04,7.501394e+00,6.546713e+00
1.850000e-11,-2.785057e-04,-2.947105e-04,7.436561e+00,6.448069e+00
1.860000e-11,-3.826651e-04,-1.989423e-04,7.337434e+00,6.374889e+00
1.870000e-11,-4.587411e-04,-8.969882e-05,7.211465e+00,6.332325e+00
1.880000e-11,-5.009965e-04,2.435854e-05,7.067989e+00,6.323071e+00
1.890000e-11,-5.056514e-04,1.345102e-04,6.917734e+00,6.347234e+00
1.900000e-11,-4.717249e-04,2.326798e-04,6.772093e+00,6.402422e+00
1.910000e-11,-4.015591e-04,3.120794e-04,6.642202e+00,6.484036e+00
1.920000e-11,-3.008119e-04,3.677617e-04,6.537970e+00,6.585738e+00
1.930000e-11,-1.779174e-04,3.970050e-04,6.467185e+00,6.700059e+00
1.940000e-11,-4.318669e-05,3.994418e-04,6.434842e+00,6.819081e+00
1.950000e-11,9.224196e-05,3.768835e-04,6.442746e+00,6.935100e+00
1.960000e-11,2.174627e-04,3.328783e-04,6.489432e+00,7.041203e+00
1.970000e-11,3.228071e-04,2.721189e-04,6.570385e+00,7.131694e+00
1.980000e-11,4.007388e-04,1.998404e-04,6.678547e+00,7.202339e+00
1.990000e-11,4.465299e-04,1.213252e-04,6.805053e+00,7.250464e+00
2.000000e-11,4.585795e-04,4.156820e-05,6.940116e+00,7.274926e+00
2.010000e-11,4.382785e-04,-3.490421e-05,7.073919e+00,7.276010e+00
2.020000e-11,3.894620e-04,-1.041119e-04,7.197413e+00,7.255281e+00
2.030000e-11,3.176202e-04,-1.626562e-04,7.302917e+00,7.215423e+00
2.040000e-11,2.290942e-04,-2.077667e-04,7.384493e+00,7.160049e+00
2.050000e-11,1.304382e-04,-2.373901e-04,7.438108e+00,7.093504e+00
2.060000e-11,2.802371e-05,-2.503155e-04,7.461656e+00,7.020616e+00
2.070000e-11,-7.213487e-05,-2.463058e-04,7.454893e+00,6.946426e+00
2.080000e-11,-1.644254e-04,-2.261865e-04,7.419331e+00,6.875877e+00
2.090000e-11,-2.436636e-04,-1.918480e-04,7.358119e+00,6.813499e+00
2.100000e-11,-3.051984e-04,-1.461354e-04,7.275891e+00,6.763103e+00
2.110000e-11,-3.451519e-04,-9.263112e-05,7.178564e+00,6.727541e+00
2.120000e-11,-3.607841e-04,-3.535538e-05,7.073039e+00,6.708525e+00
2.130000e-11,-3.509007e-04,2.157451e-05,6.966782e+00,6.706556e+00
2.140000e-11,-3.161787e-04,7.428511e-05,6.867315e+00,6.720948e+00
2.150000e-11,-2.592902e-04,1.194509e-04,6.781635e+00,6.749942e+00
2.160000e-11,-1.847608e-04,1.545320e-04,6.715648e+00,6.790910e+00
2.170000e-11,-9.857816e-05,1.779227e-04,6.673684e+00,6.840608e+00
2.180000e-11,-7.621711e-06,1.890005e-04,6.658152e+00,6.895460e+00
2.190000e-11,8.099470e-05,1.880748e-04,6.669381e+00,6.951842e+00
2.200000e-11,1.605849e-04,1.762522e-04,6.705654e+00,7.006339e+00
2.210000e-11,2.254893e-04,1.552449e-04,6.763422e+00,7.055952e+00
2.220000e-11,2.715480e-04,1.271561e-04,6.837685e+00,7.098248e+00
2.230000e-11,2.963925e-04,9.427310e-05,6.922480e+00,7.131443e+00
2.240000e-11,2.995170e-04,5.889128e-05,7.011417e+00,7.154438e+00
2.250000e-11,2.821292e-04,2.317940e-05,7.098214e+00,7.166798e+00
2.260000e-11,2.468291e-04,-1.091320e-05,7.177146e+00,7.168708e+00
2.270000e-11,1.971973e-04,-4.171502e-05,7.243403e+00,7.160894e+00
2.280000e-11,1.373816e-04,-6.786691e-05,7.293317e+00,7.144542e+00
2.290000e-11,7.174720e-05,-8.834242e-05,7.324490e+00,7.121196e+00
2.300000e-11,4.617928e-06,-1.024604e-04,7.335816e+00,7.092658e+00
2.310000e-11,-5.989791e-05,-1.098919e-04,7.327458e+00,7.060885e+00
2.320000e-11,-1.180300e-04,-1.106592e-04,7.300762e+00,7.027878e+00
2.330000e-11,-1.664545e-04,-1.051239e-04,7.258145e+00,6.995581e+00
2.340000e-11,-2.024185e-04,-9.395928e-05,7.202936e+00,6.965782e+00
2.350000e-11,-2.238909e-04,-7.810478e-05,7.139180e+00,6.940027e+00
2.360000e-11,-2.297259e-04,-5.870435e-05,7.071392e+00,6.919551e+00
2.370000e-11,-2.198043e-04,-3.703129e-05,7.004271e+00,6.905224e+00
2.380000e-11,-1.951100e-04,-1.440639e-05,6.942374e+00,6.897530e+00
2.390000e-11,-1.577057e-04,7.883546e-06,6.889795e+00,6.896562e+00
2.400000e-11,-1.105938e-04,2.865989e-05,6.849866e+00,6.902045e+00
2.410000e-11,-5.747112e-05,4.691328e-05,6.824914e+00,6.913376e+00
2.420000e-11,-2.407130e-06,6.184759e-05,6.816110e+00,6.929681e+00
2.430000e-11,5.051249e-05,7.290501e-05,6.823407e+00,6.949885e+00
2.440000e-11,9.753641e-05,7.977248e-05,6.845597e+00,6.972779e+00
2.450000e-11,1.355525e-04,8.237164e-05,6.880453e+00,6.997096e+00
2.460000e-11,1.623157e-04,8.083603e-05,6.924951e+00,7.021577e+00
2.470000e-11,1.765763e-04,7.547989e-05,6.975553e+00,7.045027e+00
2.480000e-11,1.781019e-04,6.676330e-05,7.028498e+00,7.066367e+00
2.490000e-11,1.675993e-04,5.525747e-05,7.080097e+00,7.084675e+00
2.500000e-11,1.465615e-04,4.161294e-05,7.126986e+00,7.099206e+00
2.510000e-11,1.170686e-04,2.653189e-05,7.166329e+00,7.109425e+00
2.520000e-11,8.157783e-05,1.074444e-05,7.195969e+00,7.115008e+00
2.530000e-11,4.272653e-05,-5.012286e-06,7.214504e+00,7.115853e+00
2.540000e-11,3.161647e-06,-2.001434e-05,7.221323e+00,7.112081e+00
2.550000e-11,-3.460005e-05,-3.357196e-05,7.216587e+00,7.104023e+00
2.560000e-11,-6.828703e-05,-4.505284e-05,7.201176e+00,7.092210e+00
2.570000e-11,-9.597051e-05,-5.390809e-05,7.176598e+00,7.077353e+00
2.580000e-11,-1.161501e-04,-5.969991e-05,7.144877e+00,7.060307e+00
2.590000e-11,-1.278283e-04,-6.212919e-05,7.108409e+00,7.042039e+00
2.600000e-11,-1.305673e-04,-6.106010e-05,7.069804e+00,7.023581e+00
2.610000e-11,-1.245200e-04,-5.653846e-05,7.031712e+00,7.005976e+00
2.620000e-11,-1.104236e-04,-4.880055e-05,6.996646e+00,6.990222e+00
2.630000e-11,-8.954824e-05,-3.826986e-05,6.966818e+00,6.977218e+00
2.640000e-11,-6.360129e-05,-2.554028e-05,6.943992e+00,6.967710e+00
2.650000e-11,-3.459219e-05,-1.134572e-05,6.929375e+00,6.962242e+00
2.660000e-11,-4.670963e-06,3.482090e-06,6.923557e+00,6.961125e+00
2.670000e-11,2.404293e-05,1.806499e-05,6.926488e+00,6.964412e+00
2.680000e-11,4.962403e-05,3.153462e-05,6.937517e+00,6.971896e+00
2.690000e-11,7.048019e-05,4.308910e-05,6.955471e+00,6.983119e+00
2.700000e-11,8.545508e-05,5.204545e-05,6.978766e+00,6.997402e+00
2.710000e-11,9.388626e-05,5.788347e-05,7.005549e+00,7.013889e+00
2.720000e-11,9.561671e-05,6.027796e-05,7.033846e+00,7.031595e+00
2.730000e-11,9.096375e-05,5.911721e-05,7.061705e+00,7.049472e+00
2.740000e-11,8.065368e-05,5.450710e-05,7.087329e+00,7.066473e+00
2.750000e-11,6.573330e-05,4.676146e-05,7.109186e+00,7.081612e+00
2.760000e-11,4.746995e-05,3.638019e-05,7.126088e+00,7.094028e+00
2.770000e-11,2.725007e-05,2.401741e-05,7.137242e+00,7.103032e+00
2.780000e-11,6.483707e-06,1.044173e-05,7.142273e+00,7.108148e+00
2.790000e-11,-1.348071e-05,-3.508960e-06,7.141219e+00,7.109143e+00
2.800000e-11,-3.142945e-05,-1.697625e-05,7.134501e+00,7.106036e+00
2.810000e-11,-4.634376e-05,-2.913165e-05,7.122874e+00,7.099099e+00
2.820000e-11,-5.744718e-05,-3.922648e-05,7.107362e+00,7.088841e+00
2.830000e-11,-6.423915e-05,-4.663910e-05,7.089178e+00,7.075973e+00
2.840000e-11,-6.651368e-05,-5.091636e-05,7.069643e+00,7.061370e+00
2.850000e-11,-6.436142e-05,-5.180635e-05,7.050094e+00,7.046008e+00
2.860000e-11,-5.815390e-05,-4.927911e-05,7.031797e+00,7.030905e+00
2.870000e-11,-4.850972e-05,-4.353255e-05,7.015872e+00,7.017052e+00
2.880000e-11,-3.624432e-05,-3.498196e-05,7.003221e+00,7.005349e+00
2.890000e-11,-2.230654e-05,-2.423274e-05,6.994486e+00,6.996539e+00
2.900000e-11,-7.707077e-06,-1.203779e-05,6.990013e+00,6.991163e+00
2.910000e-11,6.555216e-06,7.570940e-07,6.989850e+00,6.989525e+00
2.920000e-11,1.956290e-05,1.327549e-05,6.993758e+00,6.991668e+00
2.930000e-11,3.053964e-05,2.467475e-05,7.001247e+00,6.997381e+00
2.940000e-11,3.889545e-05,3.420690e-05,7.011623e+00,7.006214e+00
2.950000e-11,4.425477e-05,4.127091e-05,7.024046e+00,7.017519e+00
2.960000e-11,4.646637e-05,4.545216e-05,7.037600e+00,7.030494e+00
2.970000e-11,4.559599e-05,4.654631e-05,7.051354e+00,7.044248e+00
2.980000e-11,4.190426e-05,4.456664e-05,7.064427e+00,7.057861e+00
2.990000e-11,3.581331e-05,3.973532e-05,7.076039e+00,7.070447e+00
3.000000e-11,2.786606e-05,3.246040e-05,7.085555e+00,7.081218e+00
3.010000e-11,1.868199e-05,2.330144e-05,7.092511e+00,7.089529e+00
3.020000e-11,8.912756e-06,1.292682e-05,7.096635e+00,7.094918e+00
3.030000e-11,-7.995928e-07,2.066072e-06,7.097848e+00,7.097132e+00
3.040000e-11,-9.859984e-06,-8.539699e-06,7.096255e+00,7.096141e+00
3.050000e-11,-1.775182e-05,-1.818653e-05,7.092128e+00,7.092126e+00
3.060000e-11,-2.406179e-05,-2.625290e-05,7.085878e+00,7.085470e+00
3.070000e-11,-2.849748e-05,-3.223913e-05,7.078022e+00,7.076721e+00
3.080000e-11,-3.089727e-05,-3.579881e-05,7.069145e+00,7.066553e+00
3.090000e-11,-3.123259e-05,-3.675996e-05,7.059859e+00,7.055717e+00
3.100000e-11,-2.960241e-05,-3.513441e-05,7.050767e+00,7.044988e+00
3.110000e-11,-2.622055e-05,-3.111425e-05,7.042425e+00,7.035108e+00
3.120000e-11,-2.139665e-05,-2.505527e-05,7.035310e+00,7.026740e+00
3.130000e-11,-1.551196e-05,-1.744831e-05,7.029796e+00,7.020416e+00
3.140000e-11,-8.991791e-06,-8.880593e-06,7.026137e+00,7.016509e+00
3.150000e-11,-2.276395e-06,9.825199e-09,7.024456e+00,7.015209e+00
3.160000e-11,4.207600e-06,8.582684e-06,7.024748e+00,7.016514e+00
3.170000e-11,1.007328e-05,1.624314e-05,7.026886e+00,7.020239e+00
3.180000e-11,1.499535e-05,2.248438e-05,7.030636e+00,7.026036e+00
3.190000e-11,1.872665e-05,2.692184e-05,7.035679e+00,7.033421e+00
3.200000e-11,2.110845e-05,2.931660e-05,7.041636e+00,7.041822e+00
3.210000e-11,2.207436e-05,2.958654e-05,7.048094e+00,7.050615e+00
3.220000e-11,2.164811e-05,2.780515e-05,7.054631e+00,7.059179e+00
3.230000e-11,1.993594e-05,2.418889e-05,7.060849e+00,7.066934e+00
3.240000e-11,1.711460e-05,1.907479e-05,7.066388e+00,7.073382e+00
3.250000e-11,1.341614e-05,1.289080e-05,7.070953e+00,7.078143e+00
3.260000e-11,9.110734e-06,6.121242e-06,7.074320e+00,7.080970e+00
3.270000e-11,4.488637e-06,-7.297648e-07,7.076351e+00,7.081765e+00
3.280000e-11,-1.575664e-07,-7.174461e-06,7.076996e+00,7.080576e+00
3.290000e-11,-4.549668e-06,-1.277491e-05,7.076290e+00,7.077592e+00
3.300000e-11,-8.438693e-06,-1.717174e-05,7.074345e+00,7.073119e+00
3.310000e-11,-1.161738e-05,-2.010645e-05,7.071343e+00,7.067555e+00
3.320000e-11,-1.392981e-05,-2.143608e-05,7.067521e+00,7.061358e+00
3.330000e-11,-1.527793e-05,-2.113921e-05,7.063152e+00,7.055010e+00
3.340000e-11,-1.562466e-05,-1.931317e-05,7.058531e+00,7.048982e+00
3.350000e-11,-1.499362e-05,-1.616263e-05,7.053953e+00,7.043699e+00
3.360000e-11,-1.346547e-05,-1.198048e-05,7.049699e+00,7.039511e+00
3.370000e-11,-1.117114e-05,-7.122701e-06,7.046019e+00,7.036672e+00
3.380000e-11,-8.282364e-06,-1.979180e-06,7.043114e+00,7.035325e+00
3.390000e-11,-5.000009e-06,3.057061e-06,7.041133e+00,7.035495e+00
3.400000e-11,-1.541052e-06,7.619714e-06,7.040160e+00,7.037095e+00
3.410000e-11,1.875093e-06,1.139571e-05,7.040216e+00,7.039937e+00
3.420000e-11,5.039980e-06,1.414643e-05,7.041256e+00,7.043750e+00
3.430000e-11,7.768452e-06,1.572211e-05,7.043176e+00,7.048206e+00
3.440000e-11,9.909112e-06,1.606864e-05,7.045823e+00,7.052946e+00
3.450000e-11,1.135237e-05,1.522669e-05,7.049005e+00,7.057610e+00
3.460000e-11,1.203559e-05,1.332359e-05,7.052504e+00,7.061864e+00
3.470000e-11,1.194524e-05,1.055918e-05,7.056090e+00,7.065421e+00
3.480000e-11,1.111588e-05,7.186962e-06,7.059537e+00,7.068063e+00
3.490000e-11,9.626347e-06,3.492314e-06,7.062636e+00,7.069651e+00
3.500000e-11,7.593388e-06,-2.304612e-07,7.065207e+00,7.070133e+00
3.510000e-11,5.163291e-06,-3.700552e-06,7.067110e+00,7.069544e+00
3.520000e-11,2.502029e-06,-6.670921e-06,7.068251e+00,7.067997e+00
3.530000e-11,-2.154406e-07,-8.945114e-06,7.068588e+00,7.065669e+00
3.540000e-11,-2.816092e-06,-1.038955e-05,7.068130e+00,7.062788e+00
3.550000e-11,-5.139363e-06,-1.094055e-05,7.066936e+00,7.059612e+00
3.560000e-11,-7.046713e-06,-1.060589e-05,7.065111e+00,7.056405e+00
3.570000e-11,-8.429669e-06,-9.460728e-06,7.062795e+00,7.053419e+00
3.580000e-11,-9.215930e-06,-7.638707e-06,7.060156e+00,7.050877e+00
3.590000e-11,-9.373145e-06,-5.318788e-06,7.057377e+00,7.048952e+00
3.600000e-11,-8.910162e-06,-2.709180e-06,7.054646e+00,7.047761e+00
3.610000e-11,-7.875647e-06,-2.966371e-08,7.052141e+00,7.047359e+00
3.620000e-11,-6.354148e-06,2.506197e-06,7.050018e+00,7.047732e+00
3.630000e-11,-4.459873e-06,4.707518e-06,7.048407e+00,7.048810e+00
3.640000e-11,-2.328582e-06,6.419963e-06,7.047399e+00,7.050470e+00
3.650000e-11,-1.081498e-07,7.536020e-06,7.047040e+00,7.052550e+00
3.660000e-11,2.051539e-06,8.001023e-06,7.047337e+00,7.054864e+00
3.670000e-11,4.008653e-06,7.814679e-06,7.048247e+00,7.057218e+00
3.680000e-11,5.638737e-06,7.028199e-06,7.049693e+00,7.059427e+00
3.690000e-11,6.842651e-06,5.737527e-06,7.051561e+00,7.061325e+00
3.700000e-11,7.552598e-06,4.073402e-06,7.053714e+00,7.062783e+00
3.710000e-11,7.735874e-06,2.189210e-06,7.055998e+00,7.063712e+00
3.720000e-11,7.396128e-06,2.477031e-07,7.058258e+00,7.064072e+00
3.730000e-11,6.572135e-06,-1.592347e-06,7.060343e+00,7.063870e+00
3.740000e-11,5.334226e-06,-3.188511e-06,7.062118e+00,7.063156e+00
3.750000e-11,3.778692e-06,-4.425192e-06,7.063475e+00,7.062022e+00
3.760000e-11,2.020601e-06,-5.221502e-06,7.064337e+00,7.060586e+00
3.770000e-11,1.855322e-07,-5.536044e-06,7.064662e+00,7.058986e+00
3.780000e-11,-1.599177e-06,-5.368346e-06,7.064446e+00,7.057366e+00
3.790000e-11,-3.213109e-06,-4.756973e-06,7.063724e+00,7.055862e+00
3.800000e-11,-4.550779e-06,-3.774596e-06,7.062561e+00,7.054596e+00
3.810000e-11,-5.528482e-06,-2.520531e-06,7.061053e+00,7.053663e+00
3.820000e-11,-6.089515e-06,-1.111455e-06,7.059317e+00,7.053127e+00
3.830000e-11,-6.207465e-06,3.288848e-07,7.057481e+00,7.053015e+00
3.840000e-11,-5.887335e-06,1.680075e-06,7.055677e+00,7.053318e+00
3.850000e-11,-5.164481e-06,2.834706e-06,7.054029e+00,7.053993e+00
3.860000e-11,-4.101423e-06,3.706540e-06,7.052649e+00,7.054969e+00
3.870000e-11,-2.782811e-06,4.236575e-06,7.051625e+00,7.056153e+00
3.880000e-11,-1.308915e-06,4.396610e-06,7.051019e+00,7.057438e+00
3.890000e-11,2.118721e-07,4.190127e-06,7.050859e+00,7.058715e+00
3.900000e-11,1.670936e-06,3.650560e-06,7.051145e+00,7.059880e+00
3.910000e-11,2.967183e-06,2.837204e-06,7.051841e+00,7.060843e+00
3.920000e-11,4.014038e-06,1.829214e-06,7.052886e+00,7.061535e+00
3.930000e-11,4.745212e-06,7.182758e-07,7.054196e+00,7.061911e+00
3.940000e-11,5.118850e-06,-3.994257e-07,7.055669e+00,7.061955e+00
3.950000e-11,5.119793e-06,-1.431238e-06,7.057198e+00,7.061680e+00
3.960000e-11,4.759867e-06,-2.295454e-06,7.058671e+00,7.061124e+00
3.970000e-11,4.076218e-06,-2.927521e-06,7.059988e+00,7.060345e+00
3.980000e-11,3.127897e-06,-3.284618e-06,7.061061e+00,7.059420e+00
3.990000e-11,1.990982e-06,-3.348275e-06,7.061822e+00,7.058434e+00
4.000000e-11,7.526417e-07,-3.124916e-06,7.062228e+00,7.057472e+00
4.010000e-11,-4.954190e-07,-2.644347e-06,7.062263e+00,7.056615e+00
4.020000e-11,-1.663639e-06,-1.956393e-06,7.061937e+00,7.055934e+00
4.030000e-11,-2.670943e-06,-1.126022e-06,7.061288e+00,7.055478e+00
4.040000e-11,-3.450298e-06,-2.274114e-07,7.060372e+00,7.055281e+00
4.050000e-11,-3.953118e-06,6.625084e-07,7.059266e+00,7.055349e+00
4.060000e-11,-4.152231e-06,1.470494e-06,7.058057e+00,7.055669e+00
4.070000e-11,-4.043221e-06,2.132872e-06,7.056834e+00,7.056208e+00
4.080000e-11,-3.644090e-06,2.600401e-06,7.055689e+00,7.056915e+00
4.090000e-11,-2.993301e-06,2.841753e-06,7.054701e+00,7.057726e+00
4.100000e-11,-2.146377e-06,2.845392e-06,7.053936e+00,7.058573e+00
4.110000e-11,-1.171337e-06,2.619747e-06,7.053444e+00,7.059386e+00
4.120000e-11,-1.433515e-07,2.191740e-06,7.053251e+00,7.060101e+00
4.130000e-11,8.609914e-07,1.603873e-06,7.053361e+00,7.060664e+00
4.140000e-11,1.769343e-06,9.101417e-07,7.053757e+00,7.061036e+00
4.150000e-11,2.518773e-06,1.711878e-07,7.054398e+00,7.061195e+00
4.160000e-11,3.060081e-06,-5.509129e-07,7.055232e+00,7.061136e+00
4.170000e-11,3.360959e-06,-1.197774e-06,7.056191e+00,7.060874e+00
4.180000e-11,3.407797e-06,-1.719333e-06,7.057201e+00,7.060438e+00
4.190000e-11,3.206048e-06,-2.077630e-06,7.058187e+00,7.059872e+00
4.200000e-11,2.779173e-06,-2.249467e-06,7.059079e+00,7.059228e+00
4.210000e-11,2.166307e-06,-2.227767e-06,7.059815e+00,7.058561e+00
4.220000e-11,1.418842e-06,-2.021559e-06,7.060348e+00,7.057930e+00
4.230000e-11,5.962382e-07,-1.654657e-06,7.060646e+00,7.057384e+00
4.240000e-11,-2.386139e-07,-1.163164e-06,7.060697e+00,7.056967e+00
4.250000e-11,-1.024127e-06,-5.920655e-07,7.060507e+00,7.056708e+00
4.260000e-11,-1.704495e-06,8.793630e-09,7.060098e+00,7.056623e+00
4.270000e-11,-2.233593e-06,5.889804e-07,7.059509e+00,7.056714e+00
4.280000e-11,-2.578047e-06,1.101642e-06,7.058791e+00,7.056968e+00
4.290000e-11,-2.719255e-06,1.507228e-06,7.058000e+00,7.057357e+00
4.300000e-11,-2.654259e-06,1.776469e-06,7.057199e+00,7.057847e+00
4.310000e-11,-2.395427e-06,1.892404e-06,7.056447e+00,7.058394e+00
4.320000e-11,-1.969009e-06,1.851319e-06,7.055797e+00,7.058951e+00
4.330000e-11,-1.412708e-06,1.662553e-06,7.055295e+00,7.059474e+00
4.340000e-11,-7.724789e-07,1.347249e-06,7.054971e+00,7.059921e+00
4.350000e-11,-9.881287e-08,9.361729e-07,7.054843e+00,7.060259e+00
4.360000e-11,5.571842e-07,4.668273e-07,7.054913e+00,7.060467e+00
4.370000e-11,1.147626e-06,-1.988408e-08,7.055169e+00,7.060532e+00
4.380000e-11,1.631298e-06,-4.831489e-07,7.055584e+00,7.060456e+00
4.390000e-11,1.976489e-06,-8.856059e-07,7.056123e+00,7.060251e+00
4.400000e-11,2.162995e-06,-1.196302e-06,7.056741e+00,7.059940e+00
4.410000e-11,2.183195e-06,-1.393015e-06,7.057389e+00,7.059555e+00
4.420000e-11,2.042133e-06,-1.463786e-06,7.058019e+00,7.059130e+00
4.430000e-11,1.756652e-06,-1.407538e-06,7.058585e+00,7.058703e+00
4.440000e-11,1.353682e-06,-1.233789e-06,7.059048e+00,7.058311e+00
4.450000e-11,8.678310e-07,-9.614880e-07,7.059378e+00,7.057985e+00
4.460000e-11,3.385068e-07,-6.171177e-07,7.059556e+00,7.057752e+00
4.470000e-11,-1.932164e-07,-2.322281e-07,7.059577e+00,7.057627e+00
4.480000e-11,-6.877291e-07,1.593636e-07,7.059444e+00,7.057617e+00
4.490000e-11,-1.109788e-06,5.244693e-07,7.059175e+00,7.057721e+00
4.500000e-11,-1.430982e-06,8.332776e-07,7.058796e+00,7.057924e+00
4.510000e-11,-1.631584e-06,1.061728e-06,7.058339e+00,7.058206e+00
4.520000e-11,-1.701690e-06,1.193329e-06,7.057842e+00,7.058542e+00
4.530000e-11,-1.641568e-06,1.220283e-06,7.057343e+00,7.058902e+00
4.540000e-11,-1.461235e-06,1.143850e-06,7.056881e+00,7.059253e+00
4.550000e-11,-1.179306e-06,9.739486e-07,7.056488e+00,7.059568e+00
4.560000e-11,-8.212463e-07,7.280445e-07,7.056191e+00,7.059820e+00
4.570000e-11,-4.171713e-07,4.294484e-07,7.056007e+00,7.059991e+00
4.580000e-11,6.223275e-10,1.051803e-07,7.055946e+00,7.060069e+00
4.590000e-11,4.001877e-07,-2.164086e-07,7.056007e+00,7.060052e+00
4.600000e-11,7.523314e-07,-5.080524e-07,7.056180e+00,7.059943e+00
4.610000e-11,1.032708e-06,-7.458240e-07,7.056446e+00,7.059755e+00
4.620000e-11,1.223456e-06,-9.110453e-07,7.056783e+00,7.059508e+00
4.630000e-11,1.314276e-06,-9.917038e-07,7.057162e+00,7.059225e+00
4.640000e-11,1.302880e-06,-9.832743e-07,7.057552e+00,7.058932e+00
4.650000e-11,1.194813e-06,-8.888927e-07,7.057924e+00,7.058654e+00
4.660000e-11,1.002688e-06,-7.188850e-07,7.058251e+00,7.058415e+00
4.670000e-11,7.449144e-07,-4.897090e-07,7.058511e+00,7.058237e+00
4.680000e-11,4.440348e-07,-2.224111e-07,7.058687e+00,7.058132e+00
4.690000e-11,1.248281e-07,5.926006e-08,7.058772e+00,7.058109e+00
4.700000e-11,-1.876802e-07,3.309171e-07,7.058762e+00,7.058169e+00
4.710000e-11,-4.701368e-07,5.695980e-07,7.058663e+00,7.058304e+00
4.720000e-11,-7.025675e-07,7.556590e-07,7.058488e+00,7.058502e+00
4.730000e-11,-8.697500e-07,8.743427e-07,7.058253e+00,7.058745e+00
4.740000e-11,-9.621622e-07,9.169004e-07,7.057980e+00,7.059012e+00
4.750000e-11,-9.764506e-07,8.811856e-07,7.057691e+00,7.059279e+00
4.760000e-11,-9.154041e-07,7.716841e-07,7.057410e+00,7.059525e+00
4.770000e-11,-7.874549e-07,5.989921e-07,7.057156e+00,7.059728e+00
4.780000e-11,-6.057669e-07,3.787990e-07,7.056949e+00,7.059872e+00
4.790000e-11,-3.869982e-07,1.304715e-07,7.056802e+00,7.059947e+00
4.800000e-11,-1.498494e-07,-1.246348e-07,7.056722e+00,7.059947e+00
4.810000e-11,8.648195e-08,-3.649914e-07,7.056713e+00,7.059873e+00
4.820000e-11,3.038133e-07,-5.706876e-07,7.056772e+00,7.059732e+00
4.830000e-11,4.863415e-07,-7.250504e-07,7.056890e+00,7.059539e+00
4.840000e-11,6.217576e-07,-8.159631e-07,7.057055e+00,7.059309e+00
4.850000e-11,7.020369e-07,-8.367823e-07,7.057252e+00,7.059063e+00
4.860000e-11,7.238563e-07,-7.867855e-07,7.057465e+00,7.058821e+00
4.870000e-11,6.886237e-07,-6.711233e-07,7.057675e+00,7.058605e+00
4.880000e-11,6.021351e-07,-5.002890e-07,7.057867e+00,7.058431e+00
4.890000e-11,4.739036e-07,-2.891599e-07,7.058027e+00,7.058315e+00
4.900000e-11,3.162273e-07,-5.569718e-08,7.058145e+00,7.058265e+00
4.910000e-11,1.430834e-07,1.805821e-07,7.058213e+00,7.058285e+00
4.920000e-11,-3.105782e-08,4.002317e-07,7.058229e+00,7.058372e+00
4.930000e-11,-1.924010e-07,5.854651e-07,7.058196e+00,7.058520e+00
4.940000e-11,-3.288848e-07,7.215798e-07,7.058118e+00,7.058716e+00
4.950000e-11,-4.310524e-07,7.981020e-07,7.058005e+00,7.058943e+00
4.960000e-11,-4.926745e-07,8.095657e-07,7.057867e+00,7.059182e+00
4.970000e-11,-5.110847e-07,7.558700e-07,7.057718e+00,7.059415e+00
4.980000e-11,-4.872154e-07,6.421953e-07,7.057569e+00,7.059623e+00
4.990000e-11,-4.253435e-07,4.784928e-07,7.057433e+00,7.059789e+00
