time,"V(B1|XDUT)","V(B2|XDUT)","V(B1|XLOAD)","V(B2|XLOAD)","P(B1|XDUT)","P(B2|XDUT)","P(B1|XLOAD)","P(B2|XLOAD)"
0.000000e+00,0.000000e+00,0.000000e+00,0.000000e+00,0.000000e+00,0.000000e+00,0.000000e+00,0.000000e+00,0.000000e+00
1.000000e-13,1.044930e-06,1.146188e-06,1.140514e-06,1.021680e-06,2.116705e-04,2.321822e-04,2.310328e-04,2.069606e-04
2.000000e-13,3.379509e-06,3.712878e-06,3.694024e-06,3.295938e-06,9.668111e-04,1.061690e-03,1.056338e-03,9.436024e-04
3.000000e-13,6.950885e-06,7.657356e-06,7.617194e-06,6.757856e-06,2.626558e-03,2.889336e-03,2.874448e-03,2.558082e-03
4.000000e-13,1.155409e-05,1.277829e-05,1.270850e-05,1.119086e-05,5.520308e-03,6.087037e-03,6.054833e-03,5.363162e-03
5.000000e-13,1.689673e-05,1.878252e-05,1.867472e-05,1.629182e-05,9.907645e-03,1.095769e-02,1.089788e-02,9.598406e-03
6.000000e-13,2.263853e-05,2.532271e-05,2.516843e-05,2.171169e-05,1.595596e-02,1.771084e-02,1.761057e-02,1.540827e-02
7.000000e-13,2.842323e-05,3.202643e-05,3.181704e-05,2.708889e-05,2.372972e-02,2.644945e-02,2.629328e-02,2.283226e-02
8.000000e-13,3.390709e-05,3.852228e-05,3.824889e-05,3.207914e-05,3.318951e-02,3.716574e-02,3.693556e-02,3.180516e-02
9.000000e-13,3.878396e-05,4.446371e-05,4.411721e-05,3.638179e-05,4.419919e-02,4.974481e-02,4.941976e-02,4.216595e-02
1.000000e-12,4.280593e-05,4.955015e-05,4.912127e-05,3.976115e-05,5.654025e-02,6.397516e-02,6.353161e-02,5.367393e-02
1.100000e-12,4.579832e-05,5.354420e-05,5.302381e-05,4.206165e-05,6.993125e-02,7.956500e-02,7.897654e-02,6.603030e-02
1.200000e-12,4.766837e-05,5.628425e-05,5.566373e-05,4.321597e-05,8.405105e-02,9.616306e-02,9.540059e-02,7.890331e-02
1.300000e-12,4.840732e-05,5.769172e-05,5.696360e-05,4.324581e-05,9.856347e-02,1.133823e-01,1.124143e-01,9.195457e-02
1.400000e-12,4.808600e-05,5.777281e-05,5.693145e-05,4.225563e-05,1.131417e-01,1.308250e-01,1.296181e-01,1.048647e-01
1.500000e-12,4.684483e-05,5.661473e-05,5.565717e-05,4.042024e-05,1.274904e-01,1.481077e-01,1.466271e-01,1.173559e-01
1.600000e-12,4.487921e-05,5.437698e-05,5.330374e-05,3.796749e-05,1.413644e-01,1.648836e-01,1.630945e-01,1.292107e-01
1.700000e-12,4.242175e-05,5.127840e-05,5.009430e-05,3.515779e-05,1.545824e-01,1.808630e-01,1.787312e-01,1.402842e-01
1.800000e-12,3.972298e-05,4.758108e-05,4.629578e-05,3.226224e-05,1.670351e-01,1.958279e-01,1.933215e-01,1.505107e-01
1.900000e-12,3.703191e-05,4.357222e-05,4.220056e-05,2.954118e-05,1.786875e-01,2.096426e-01,2.067335e-01,1.599036e-01
2.000000e-12,3.457820e-05,3.954527e-05,3.810725e-05,2.722483e-05,1.895761e-01,2.222582e-01,2.189235e-01,1.685495e-01
2.100000e-12,3.255689e-05,3.578150e-05,3.430181e-05,2.549740e-05,1.998006e-01,2.337116e-01,2.299353e-01,1.765965e-01
2.200000e-12,3.111681e-05,3.253313e-05,3.104023e-05,2.448580e-05,2.095121e-01,2.441196e-01,2.398937e-01,1.842389e-01
2.300000e-12,3.035319e-05,3.000895e-05,2.853371e-05,2.425343e-05,2.188979e-01,2.536678e-01,2.489932e-01,1.916993e-01
2.400000e-12,3.030476e-05,2.836322e-05,2.693714e-05,2.479934e-05,2.281653e-01,2.625960e-01,2.574830e-01,1.992097e-01
2.500000e-12,3.095523e-05,2.768838e-05,2.634151e-05,2.606249e-05,2.375250e-01,2.711809e-01,2.656489e-01,2.069926e-01
2.600000e-12,3.223867e-05,2.801176e-05,2.677048e-05,2.793041e-05,2.471755e-01,2.797169e-01,2.737937e-01,2.152448e-01
2.700000e-12,3.404816e-05,2.929657e-05,2.818135e-05,3.025138e-05,2.572894e-01,2.884968e-01,2.822173e-01,2.241235e-01
2.800000e-12,3.624683e-05,3.144675e-05,3.047016e-05,3.284894e-05,2.680032e-01,2.977935e-01,2.911975e-01,2.337372e-01
2.900000e-12,3.868023e-05,3.431536e-05,3.348049e-05,3.553738e-05,2.794099e-01,3.078437e-01,3.009730e-01,2.441406e-01
3.000000e-12,4.118904e-05,3.771591e-05,3.701537e-05,3.813692e-05,2.915557e-01,3.188338e-01,3.117297e-01,2.553337e-01
3.100000e-12,4.362115e-05,4.143575e-05,4.085142e-05,4.048741e-05,3.044406e-01,3.308908e-01,3.235905e-01,2.672662e-01
3.200000e-12,4.584216e-05,4.525068e-05,4.475427e-05,4.245949e-05,3.180218e-01,3.440762e-01,3.366099e-01,2.798447e-01
3.300000e-12,4.774376e-05,4.893965e-05,4.849412e-05,4.396249e-05,3.322202e-01,3.583849e-01,3.507731e-01,2.929430e-01
3.400000e-12,4.924932e-05,5.229880e-05,5.186054e-05,4.494869e-05,3.469294e-01,3.737486e-01,3.659995e-01,3.064143e-01
3.500000e-12,5.031677e-05,5.515376e-05,5.467543e-05,4.541376e-05,3.620251e-01,3.900423e-01,3.821505e-01,3.201042e-01
3.600000e-12,5.093851e-05,5.736950e-05,5.680331e-05,4.539374e-05,3.773756e-01,4.070948e-01,3.990408e-01,3.338628e-01
3.700000e-12,5.113886e-05,5.885722e-05,5.815847e-05,4.495899e-05,3.928516e-01,4.247016e-01,4.164520e-01,3.475563e-01
3.800000e-12,5.096928e-05,5.957793e-05,5.870840e-05,4.420587e-05,4.083350e-01,4.426392e-01,4.341482e-01,3.610756e-01
3.900000e-12,5.050209e-05,5.954262e-05,5.847367e-05,4.324703e-05,4.237263e-01,4.606799e-01,4.518919e-01,3.743425e-01
4.000000e-12,4.982328e-05,5.880921e-05,5.752427e-05,4.220119e-05,4.389494e-01,4.786064e-01,4.694591e-01,3.873134e-01
4.100000e-12,4.902499e-05,5.747667e-05,5.597292e-05,4.118328e-05,4.539547e-01,4.962249e-01,4.866532e-01,3.999796e-01
4.200000e-12,4.819836e-05,5.567688e-05,5.396595e-05,4.029574e-05,4.687200e-01,5.133761e-01,5.033164e-01,4.123643e-01
4.300000e-12,4.742721e-05,5.356482e-05,5.167240e-05,3.962160e-05,4.832490e-01,5.299438e-01,5.193380e-01,4.245186e-01
4.400000e-12,4.678293e-05,5.130790e-05,4.927237e-05,3.921966e-05,4.975688e-01,5.458597e-01,5.346596e-01,4.365147e-01
4.500000e-12,4.632085e-05,4.907513e-05,4.694508e-05,3.912214e-05,5.117252e-01,5.611061e-01,5.492764e-01,4.484384e-01
4.600000e-12,4.607826e-05,4.702676e-05,4.485779e-05,3.933464e-05,5.257781e-01,5.757144e-01,5.632355e-01,4.603809e-01
4.700000e-12,4.607394e-05,4.530504e-05,4.315587e-05,3.983826e-05,5.397955e-01,5.897613e-01,5.766306e-01,4.724317e-01
4.800000e-12,4.630911e-05,4.402661e-05,4.195481e-05,4.059358e-05,5.538488e-01,6.033620e-01,5.895943e-01,4.846717e-01
4.900000e-12,4.676963e-05,4.327674e-05,4.133452e-05,4.154593e-05,5.680073e-01,6.166620e-01,6.022887e-01,4.971676e-01
5.000000e-12,4.742902e-05,4.310593e-05,4.133604e-05,4.263145e-05,5.823344e-01,6.298273e-01,6.148935e-01,5.099687e-01
5.100000e-12,4.720712e-05,4.238244e-05,4.082047e-05,4.276159e-05,5.966728e-01,6.428011e-01,6.273641e-01,5.228979e-01
5.200000e-12,4.580531e-05,4.079411e-05,3.946295e-05,4.163118e-05,6.107310e-01,6.553894e-01,6.395150e-01,5.356408e-01
5.300000e-12,4.321494e-05,3.830617e-05,3.721370e-05,3.923412e-05,6.241711e-01,6.673451e-01,6.511036e-01,5.478361e-01
5.400000e-12,3.957294e-05,3.500473e-05,3.414373e-05,3.572160e-05,6.366674e-01,6.784212e-01,6.618829e-01,5.591373e-01
5.500000e-12,3.510130e-05,3.103789e-05,3.038739e-05,3.134076e-05,6.479432e-01,6.884005e-01,6.716316e-01,5.692530e-01
5.600000e-12,3.007273e-05,2.658886e-05,2.611670e-05,2.639779e-05,6.577937e-01,6.971131e-01,6.801715e-01,5.779723e-01
5.700000e-12,2.478438e-05,2.185949e-05,2.152575e-05,2.122786e-05,6.660977e-01,7.044453e-01,6.873787e-01,5.851788e-01
5.800000e-12,1.953473e-05,1.705750e-05,1.681851e-05,1.616753e-05,6.728228e-01,7.103447e-01,6.931879e-01,5.908560e-01
5.900000e-12,1.460298e-05,1.238549e-05,1.219807e-05,1.152967e-05,6.780226e-01,7.148201e-01,6.975953e-01,5.950840e-01
6.000000e-12,1.023160e-05,8.031346e-06,7.856918e-06,7.581737e-06,6.818285e-01,7.179388e-01,7.006560e-01,5.980291e-01
6.100000e-12,6.612568e-06,4.160111e-06,3.968293e-06,4.528590e-06,6.844367e-01,7.198210e-01,7.024801e-01,5.999282e-01
6.200000e-12,3.877903e-06,9.072708e-07,6.787192e-07,2.500823e-06,6.860916e-01,7.206323e-01,7.032256e-01,6.010678e-01
6.300000e-12,2.094781e-06,-1.626250e-06,-1.898057e-06,1.549043e-06,6.870675e-01,7.205732e-01,7.030896e-01,6.017615e-01
6.400000e-12,1.265242e-06,-3.377409e-06,-3.685608e-06,1.644296e-06,6.876492e-01,7.198694e-01,7.022977e-01,6.023258e-01
6.500000e-12,1.330243e-06,-4.322582e-06,-4.647652e-06,2.684334e-06,6.881125e-01,7.187592e-01,7.010923e-01,6.030576e-01
6.600000e-12,2.177564e-06,-4.477309e-06,-4.789061e-06,4.505010e-06,6.887081e-01,7.174821e-01,6.997203e-01,6.042142e-01
6.700000e-12,3.652807e-06,-3.894274e-06,-4.154942e-06,6.895761e-06,6.896465e-01,7.162676e-01,6.984214e-01,6.059965e-01
6.800000e-12,5.572607e-06,-2.659610e-06,-2.827794e-06,9.617796e-06,6.910882e-01,7.153240e-01,6.974155e-01,6.085389e-01
6.900000e-12,7.738985e-06,-8.877038e-07,-9.228180e-07,1.242350e-05,6.931364e-01,7.148296e-01,6.968933e-01,6.119030e-01
7.000000e-12,9.953785e-06,1.285269e-06,1.418463e-06,1.507543e-05,6.958355e-01,7.149252e-01,6.970066e-01,6.160782e-01
7.100000e-12,1.203215e-05,3.708759e-06,4.035949e-06,1.736353e-05,6.991725e-01,7.157083e-01,6.978619e-01,6.209872e-01
7.200000e-12,1.381415e-05,6.225828e-06,6.759705e-06,1.911916e-05,7.030832e-01,7.172305e-01,6.995163e-01,6.264965e-01
7.300000e-12,1.517376e-05,8.681296e-06,9.419209e-06,2.022515e-05,7.074605e-01,7.194965e-01,7.019758e-01,6.324299e-01
7.400000e-12,1.602489e-05,1.092960e-05,1.185258e-05,2.062123e-05,7.121657e-01,7.224658e-01,7.051966e-01,6.385850e-01
7.500000e-12,1.632401e-05,1.284197e-05,1.391525e-05,2.030477e-05,7.170409e-01,7.260570e-01,7.090890e-01,6.447498e-01
7.600000e-12,1.606973e-05,1.431252e-05,1.548757e-05,1.932710e-05,7.219211e-01,7.301533e-01,7.135238e-01,6.507198e-01
7.700000e-12,1.529929e-05,1.526300e-05,1.648087e-05,1.778588e-05,7.266471e-01,7.346106e-01,7.183406e-01,6.563126e-01
7.800000e-12,1.408279e-05,1.564590e-05,1.684173e-05,1.581455e-05,7.310751e-01,7.392657e-01,7.233578e-01,6.613805e-01
7.900000e-12,1.251556e-05,1.544592e-05,1.655411e-05,1.356983e-05,7.350864e-01,7.439463e-01,7.283835e-01,6.658186e-01
8.000000e-12,1.070938e-05,1.467965e-05,1.563936e-05,1.121825e-05,7.385929e-01,7.484801e-01,7.332268e-01,6.695704e-01
8.100000e-12,8.783428e-06,1.339368e-05,1.415410e-05,8.922962e-06,7.415410e-01,7.527045e-01,7.377085e-01,6.726285e-01
8.200000e-12,6.855388e-06,1.166116e-05,1.218623e-05,6.831657e-06,7.439123e-01,7.564748e-01,7.416709e-01,6.750318e-01
8.300000e-12,5.033511e-06,9.577181e-06,9.849204e-06,5.066474e-06,7.457224e-01,7.596717e-01,7.449868e-01,6.768592e-01
8.400000e-12,3.409965e-06,7.253142e-06,7.275043e-06,3.716525e-06,7.470165e-01,7.622065e-01,7.475658e-01,6.782212e-01
8.500000e-12,2.055888e-06,4.810476e-06,4.606463e-06,2.833401e-06,7.478644e-01,7.640259e-01,7.493586e-01,6.792491e-01
8.600000e-12,1.018327e-06,2.374029e-06,1.988545e-06,2.429821e-06,7.483533e-01,7.651133e-01,7.503591e-01,6.800840e-01
8.700000e-12,3.191101e-07,6.542242e-08,-4.395883e-07,2.481351e-06,7.485809e-01,7.654890e-01,7.506035e-01,6.808649e-01
8.800000e-12,-4.441142e-08,-2.003271e-06,-2.552616e-06,2.930857e-06,7.486477e-01,7.652085e-01,7.501679e-01,6.817189e-01
8.900000e-12,-9.695615e-08,-3.735259e-06,-4.245986e-06,3.695221e-06,7.486504e-01,7.643583e-01,7.491626e-01,6.827521e-01
9.000000e-12,1.184556e-07,-5.053874e-06,-5.441600e-06,4.673640e-06,7.486753e-01,7.630511e-01,7.477252e-01,6.840433e-01
9.100000e-12,5.452565e-07,-5.906306e-06,-6.091902e-06,5.756782e-06,7.487940e-01,7.614190e-01,7.460120e-01,6.856398e-01
9.200000e-12,1.118650e-06,-6.266029e-06,-6.182123e-06,6.836021e-06,7.490602e-01,7.596056e-01,7.441886e-01,6.875567e-01
9.300000e-12,1.771059e-06,-6.133779e-06,-5.730555e-06,7.811997e-06,7.495077e-01,7.577587e-01,7.424200e-01,6.897782e-01
9.400000e-12,2.437281e-06,-5.537047e-06,-4.786815e-06,8.601871e-06,7.501506e-01,7.560214e-01,7.408608e-01,6.922611e-01
9.500000e-12,3.059004e-06,-4.528084e-06,-3.428224e-06,9.144763e-06,7.509845e-01,7.545250e-01,7.396466e-01,6.949412e-01
9.600000e-12,3.588379e-06,-3.180536e-06,-1.754516e-06,9.405037e-06,7.519894e-01,7.533820e-01,7.388865e-01,6.977398e-01
9.700000e-12,3.990461e-06,-1.584904e-06,1.187681e-07,9.373331e-06,7.531327e-01,7.526799e-01,7.386572e-01,7.005714e-01
9.800000e-12,4.244434e-06,1.569103e-07,2.067760e-06,9.065374e-06,7.543736e-01,7.524777e-01,7.389996e-01,7.033516e-01
9.900000e-12,4.343619e-06,1.937646e-06,3.968117e-06,8.518841e-06,7.556671e-01,7.528028e-01,7.399176e-01,7.060040e-01
1.000000e-11,4.294389e-06,3.650932e-06,5.702718e-06,7.788632e-06,7.569682e-01,7.536507e-01,7.413787e-01,7.084658e-01
1.010000e-11,4.114156e-06,5.197373e-06,7.168697e-06,6.941070e-06,7.582353e-01,7.549862e-01,7.433180e-01,7.106925e-01
1.020000e-11,3.828690e-06,6.490092e-06,8.283363e-06,6.047544e-06,7.594332e-01,7.567460e-01,7.456423e-01,7.126598e-01
1.030000e-11,3.469034e-06,7.459422e-06,8.988645e-06,5.178170e-06,7.605353e-01,7.588437e-01,7.482379e-01,7.143645e-01
1.040000e-11,3.068309e-06,8.056448e-06,9.253812e-06,4.395961e-06,7.615241e-01,7.611749e-01,7.509777e-01,7.158232e-01
1.050000e-11,2.658669e-06,8.255253e-06,9.076370e-06,3.751978e-06,7.623923e-01,7.636242e-01,7.537295e-01,7.170695e-01
1.060000e-11,2.268649e-06,8.053736e-06,8.481121e-06,3.281764e-06,7.631413e-01,7.660721e-01,7.563648e-01,7.181497e-01
1.070000e-11,1.921090e-06,7.473026e-06,7.517562e-06,3.003312e-06,7.637801e-01,7.684019e-01,7.587660e-01,7.191181e-01
1.080000e-11,1.631758e-06,6.555557e-06,6.255817e-06,2.916620e-06,7.643236e-01,7.705064e-01,7.608337e-01,7.200318e-01
1.090000e-11,1.408725e-06,5.361967e-06,4.781469e-06,3.004797e-06,7.647901e-01,7.722941e-01,7.624915e-01,7.209450e-01
1.100000e-11,1.252493e-06,3.967041e-06,3.189630e-06,3.236533e-06,7.651993e-01,7.736936e-01,7.636902e-01,7.219050e-01
1.110000e-11,1.156792e-06,2.454968e-06,1.578672e-06,3.569669e-06,7.655701e-01,7.746574e-01,7.644096e-01,7.229481e-01
1.120000e-11,1.109932e-06,9.141932e-07,4.401675e-08,3.955500e-06,7.659185e-01,7.751638e-01,7.646583e-01,7.240971e-01
1.130000e-11,1.096553e-06,-5.678232e-07,-1.327641e-06,4.343413e-06,7.662568e-01,7.752176e-01,7.644722e-01,7.253599e-01
1.140000e-11,1.099576e-06,-1.909642e-06,-2.463332e-06,4.685460e-06,7.665922e-01,7.748487e-01,7.639112e-01,7.267300e-01
1.150000e-11,1.102184e-06,-3.040400e-06,-3.307752e-06,4.940470e-06,7.669273e-01,7.741099e-01,7.630542e-01,7.281875e-01
1.160000e-11,1.089635e-06,-3.903642e-06,-3.825948e-06,5.077385e-06,7.672598e-01,7.730728e-01,7.619935e-01,7.297018e-01
1.170000e-11,1.050757e-06,-4.460210e-06,-4.004613e-06,5.077569e-06,7.675834e-01,7.718236e-01,7.608287e-01,7.312351e-01
1.180000e-11,9.790148e-07,-4.690060e-06,-3.851966e-06,4.935936e-06,7.678896e-01,7.704572e-01,7.596602e-01,7.327461e-01
1.190000e-11,8.730519e-07,-4.592903e-06,-3.396278e-06,4.660864e-06,7.681686e-01,7.690713e-01,7.585827e-01,7.341939e-01
1.200000e-11,7.366986e-07,-4.187668e-06,-2.683171e-06,4.272944e-06,7.684108e-01,7.677611e-01,7.576800e-01,7.355421e-01
1.210000e-11,5.784562e-07,-3.510819e-06,-1.771928e-06,3.802734e-06,7.686087e-01,7.666131e-01,7.570201e-01,7.367618e-01
1.220000e-11,4.105289e-07,-2.613664e-06,-7.310830e-07,3.287732e-06,7.687578e-01,7.657010e-01,7.566521e-01,7.378344e-01
1.230000e-11,2.475038e-07,-1.558831e-06,3.663838e-07,2.768864e-06,7.688577e-01,7.650812e-01,7.566036e-01,7.387528e-01
1.240000e-11,1.048121e-07,-4.161452e-07,1.447916e-06,2.286795e-06,7.689122e-01,7.647903e-01,7.568808e-01,7.395221e-01
1.250000e-11,-2.883078e-09,7.418185e-07,2.445975e-06,1.878379e-06,7.689298e-01,7.648436e-01,7.574686e-01,7.401591e-01
1.260000e-11,-6.322429e-08,1.844225e-06,3.302082e-06,1.573544e-06,7.689228e-01,7.652350e-01,7.583335e-01,7.406902e-01
1.270000e-11,-6.748207e-08,2.826219e-06,3.970036e-06,1.392846e-06,7.689068e-01,7.659379e-01,7.594260e-01,7.411493e-01
1.280000e-11,-1.154673e-08,3.632663e-06,4.418171e-06,1.345897e-06,7.688992e-01,7.669081e-01,7.606851e-01,7.415750e-01
1.290000e-11,1.034979e-07,4.221145e-06,4.630517e-06,1.430741e-06,7.689176e-01,7.680866e-01,7.620428e-01,7.420068e-01
1.300000e-11,2.712673e-07,4.564088e-06,4.606880e-06,1.634235e-06,7.689787e-01,7.694040e-01,7.634286e-01,7.424817e-01
1.310000e-11,4.804432e-07,4.649873e-06,4.361886e-06,1.933347e-06,7.690963e-01,7.707850e-01,7.647741e-01,7.430317e-01
1.320000e-11,7.155835e-07,4.482928e-06,3.923118e-06,2.297267e-06,7.692805e-01,7.721535e-01,7.660173e-01,7.436803e-01
1.330000e-11,9.583029e-07,4.082823e-06,3.328534e-06,2.690104e-06,7.695360e-01,7.734367e-01,7.671060e-01,7.444415e-01
1.340000e-11,1.188727e-06,3.482476e-06,2.623378e-06,3.073956e-06,7.698620e-01,7.745698e-01,7.680003e-01,7.453179e-01
1.350000e-11,1.387092e-06,2.725605e-06,1.856823e-06,3.412075e-06,7.702517e-01,7.754997e-01,7.686745e-01,7.463012e-01
1.360000e-11,1.535364e-06,1.863625e-06,1.078584e-06,3.671877e-06,7.706926e-01,7.761871e-01,7.691178e-01,7.473728e-01
1.370000e-11,1.618740e-06,9.521969e-07,3.357263e-07,3.827537e-06,7.711674e-01,7.766092e-01,7.693335e-01,7.485053e-01
1.380000e-11,1.626901e-06,4.765598e-08,-3.301437e-07,3.861987e-06,7.716553e-01,7.767595e-01,7.693386e-01,7.496652e-01
1.390000e-11,1.554931e-06,-7.964540e-07,-8.851326e-07,3.768162e-06,7.721329e-01,7.766483e-01,7.691609e-01,7.508151e-01
1.400000e-11,1.403815e-06,-1.532541e-06,-1.304665e-06,3.549410e-06,7.725764e-01,7.763008e-01,7.688375e-01,7.519174e-01
1.410000e-11,1.180481e-06,-2.121635e-06,-1.574371e-06,3.219064e-06,7.729634e-01,7.757552e-01,7.684107e-01,7.529369e-01
1.420000e-11,8.973800e-07,-2.535420e-06,-1.690246e-06,2.799229e-06,7.732742e-01,7.750597e-01,7.679261e-01,7.538438e-01
1.430000e-11,5.716408e-07,-2.757532e-06,-1.658129e-06,2.318892e-06,7.734936e-01,7.742693e-01,7.674286e-01,7.546158e-01
1.440000e-11,2.238618e-07,-2.784067e-06,-1.492578e-06,1.811537e-06,7.736121e-01,7.734418e-01,7.669605e-01,7.552401e-01
1.450000e-11,-1.233697e-07,-2.623293e-06,-1.215259e-06,1.312456e-06,7.736266e-01,7.726346e-01,7.665582e-01,7.557141e-01
1.460000e-11,-4.471151e-07,-2.294611e-06,-8.529954e-07,8.559662e-07,7.735408e-01,7.719007e-01,7.662514e-01,7.560455e-01
1.470000e-11,-7.257574e-07,-1.826867e-06,-4.356353e-07,4.727715e-07,7.733652e-01,7.712860e-01,7.660608e-01,7.562517e-01
1.490000e-11,-1.077156e-06,-6.231043e-07,4.427211e-07,1.764943e-08,7.728150e-01,7.705474e-01,7.660675e-01,7.563976e-01
1.500000e-11,-1.126381e-06,2.962195e-08,8.476225e-07,-2.907910e-08,7.724864e-01,7.704602e-01,7.662622e-01,7.564048e-01
1.510000e-11,-1.085176e-06,6.603609e-07,1.198652e-06,4.625368e-08,7.721570e-01,7.705650e-01,7.665699e-01,7.564165e-01
1.520000e-11,-9.567128e-07,1.230900e-06,1.479056e-06,2.333452e-07,7.718534e-01,7.708492e-01,7.669720e-01,7.564677e-01
1.530000e-11,-7.501937e-07,1.708748e-06,1.678051e-06,5.137593e-07,7.716003e-01,7.712901e-01,7.674460e-01,7.565889e-01
1.540000e-11,-4.802030e-07,2.068902e-06,1.790928e-06,8.624866e-07,7.714186e-01,7.718562e-01,7.679668e-01,7.568039e-01
1.550000e-11,-1.656641e-07,2.295055e-06,1.818748e-06,1.249970e-06,7.713245e-01,7.725098e-01,7.685088e-01,7.571288e-01
1.560000e-11,1.715071e-07,2.380179e-06,1.767671e-06,1.644430e-06,7.713279e-01,7.732098e-01,7.690476e-01,7.575703e-01
1.570000e-11,5.079566e-07,2.326486e-06,1.648024e-06,2.014303e-06,7.714319e-01,7.739144e-01,7.695610e-01,7.581254e-01
1.580000e-11,8.205388e-07,2.144792e-06,1.473184e-06,2.330596e-06,7.716328e-01,7.745837e-01,7.700306e-01,7.587826e-01
1.590000e-11,1.087933e-06,1.853371e-06,1.258374e-06,2.568997e-06,7.719201e-01,7.751823e-01,7.704420e-01,7.595220e-01
1.600000e-11,1.292117e-06,1.476378e-06,1.019485e-06,2.711562e-06,7.722777e-01,7.756809e-01,7.707856e-01,7.603178e-01
1.610000e-11,1.419584e-06,1.041992e-06,7.719775e-07,2.747886e-06,7.726844e-01,7.760581e-01,7.710566e-01,7.611397e-01
1.620000e-11,1.462236e-06,5.803866e-07,5.299545e-07,2.675672e-06,7.731162e-01,7.763015e-01,7.712542e-01,7.619557e-01
1.630000e-11,1.417871e-06,1.217001e-07,3.054406e-07,2.500671e-06,7.735473e-01,7.764072e-01,7.713820e-01,7.627342e-01
1.640000e-11,1.290262e-06,-3.058949e-07,1.078979e-07,2.236036e-06,7.739524e-01,7.763805e-01,7.714464e-01,7.634467e-01
1.650000e-11,1.088802e-06,-6.778783e-07,-5.601567e-08,1.901134e-06,7.743080e-01,7.762343e-01,7.714566e-01,7.640693e-01
1.660000e-11,8.277768e-07,-9.747424e-07,-1.824599e-07,1.519939e-06,7.745942e-01,7.759881e-01,7.714230e-01,7.645847e-01
1.670000e-11,5.252965e-07,-1.182949e-06,-2.702266e-07,1.119134e-06,7.747960e-01,7.756664e-01,7.713571e-01,7.649832e-01
1.680000e-11,2.019864e-07,-1.295446e-06,-3.203968e-07,7.260721e-07,7.749042e-01,7.752968e-01,7.712702e-01,7.652631e-01
1.690000e-11,-1.204752e-07,-1.311726e-06,-3.358901e-07,3.667564e-07,7.749159e-01,7.749078e-01,7.711732e-01,7.654307e-01
1.700000e-11,-4.208640e-07,-1.237461e-06,-3.209583e-07,6.397956e-08,7.748345e-01,7.745275e-01,7.710758e-01,7.654996e-01
1.710000e-11,-6.798573e-07,-1.083748e-06,-2.806723e-07,-1.642343e-07,7.746696e-01,7.741812e-01,7.709865e-01,7.654892e-01
1.720000e-11,-8.813203e-07,-8.660422e-07,-2.204471e-07,-3.057889e-07,7.744362e-01,7.738903e-01,7.709121e-01,7.654239e-01
1.730000e-11,-1.013346e-06,-6.028686e-07,-1.456380e-07,-3.551998e-07,7.741531e-01,7.736713e-01,7.708578e-01,7.653301e-01
1.740000e-11,-1.068981e-06,-3.144067e-07,-6.123288e-08,-3.137701e-07,7.738422e-01,7.735345e-01,7.708273e-01,7.652353e-01
1.750000e-11,-1.046595e-06,-2.105490e-08,2.834981e-08,-1.892610e-07,7.735265e-01,7.734847e-01,7.708229e-01,7.651654e-01
1.760000e-11,-9.498664e-07,2.579293e-07,1.193579e-07,4.900047e-09,7.732289e-01,7.735203e-01,7.708456e-01,7.651430e-01
1.770000e-11,-7.874113e-07,5.056239e-07,2.087080e-07,2.507995e-07,7.729702e-01,7.736346e-01,7.708954e-01,7.651864e-01
1.780000e-11,-5.720695e-07,7.084015e-07,2.939146e-07,5.275052e-07,7.727681e-01,7.738162e-01,7.709716e-01,7.653077e-01
1.790000e-11,-3.199191e-07,8.566005e-07,3.729699e-07,8.127007e-07,7.726359e-01,7.740503e-01,7.710725e-01,7.655128e-01
1.800000e-11,-4.909054e-08,9.448819e-07,4.442026e-07,1.084360e-06,7.725819e-01,7.743197e-01,7.711961e-01,7.658008e-01
1.810000e-11,2.215320e-07,9.722675e-07,5.061425e-07,1.322337e-06,7.726088e-01,7.746065e-01,7.713399e-01,7.661647e-01
1.820000e-11,4.736268e-07,9.418767e-07,5.574134e-07,1.509754e-06,7.727137e-01,7.748929e-01,7.715007e-01,7.665918e-01
1.830000e-11,6.906754e-07,8.604030e-07,5.966724e-07,1.634091e-06,7.728885e-01,7.751626e-01,7.716752e-01,7.670652e-01
1.840000e-11,8.590433e-07,7.373816e-07,6.226052e-07,1.687920e-06,7.731208e-01,7.754019e-01,7.718594e-01,7.675649e-01
1.850000e-11,9.688293e-07,5.843169e-07,6.339776e-07,1.669225e-06,7.733945e-01,7.756000e-01,7.720493e-01,7.680696e-01
1.860000e-11,1.014430e-06,4.137383e-07,6.297394e-07,1.581317e-06,7.736912e-01,7.757499e-01,7.722401e-01,7.685581e-01
1.870000e-11,9.947878e-07,2.382578e-07,6.091645e-07,1.432364e-06,7.739917e-01,7.758481e-01,7.724272e-01,7.690112e-01
1.880000e-11,9.133215e-07,6.969423e-08,5.720101e-07,1.234582e-06,7.742768e-01,7.758949e-01,7.726054e-01,7.694122e-01
1.890000e-11,7.775411e-07,-8.167706e-08,5.186727e-07,1.003173e-06,7.745294e-01,7.758940e-01,7.727698e-01,7.697492e-01
1.900000e-11,5.983984e-07,-2.077059e-07,4.503178e-07,7.550804e-07,7.747348e-01,7.758516e-01,7.729159e-01,7.700144e-01
1.910000e-11,3.894179e-07,-3.027510e-07,3.689626e-07,5.076885e-07,7.748821e-01,7.757762e-01,7.730393e-01,7.702057e-01
1.920000e-11,1.656803e-07,-3.638520e-07,2.774946e-07,2.775355e-07,7.749648e-01,7.756773e-01,7.731367e-01,7.703256e-01
1.930000e-11,-5.726800e-08,-3.906944e-07,1.796161e-07,7.915528e-08,7.749808e-01,7.755652e-01,7.732055e-01,7.703817e-01
1.940000e-11,-2.644998e-07,-3.853855e-07,7.970931e-08,-7.588361e-08,7.749325e-01,7.754498e-01,7.732446e-01,7.703850e-01
1.950000e-11,-4.427111e-07,-3.520715e-07,-1.737314e-08,-1.796767e-07,7.748267e-01,7.753400e-01,7.732541e-01,7.703497e-01
1.960000e-11,-5.810781e-07,-2.964376e-07,-1.065803e-07,-2.283815e-07,7.746738e-01,7.752434e-01,7.732357e-01,7.702917e-01
1.970000e-11,-6.719116e-07,-2.251371e-07,-1.829801e-07,-2.222992e-07,7.744867e-01,7.751655e-01,7.731925e-01,7.702273e-01
1.980000e-11,-7.110697e-07,-1.451990e-07,-2.420969e-07,-1.656481e-07,7.742803e-01,7.751102e-01,7.731290e-01,7.701723e-01
1.990000e-11,-6.981108e-07,-6.345987e-08,-2.802441e-07,-6.606113e-08,7.740701e-01,7.750789e-01,7.730511e-01,7.701405e-01
2.000000e-11,-6.361817e-07,1.393745e-08,-2.948218e-07,6.614333e-08,7.738711e-01,7.750713e-01,7.729654e-01,7.701434e-01
2.010000e-11,-5.316609e-07,8.194434e-08,-2.845547e-07,2.188522e-07,7.736971e-01,7.750853e-01,7.728792e-01,7.701886e-01
2.020000e-11,-3.935896e-07,1.368836e-07,-2.496479e-07,3.791360e-07,7.735594e-01,7.751177e-01,7.727999e-01,7.702805e-01
2.030000e-11,-2.329385e-07,1.765907e-07,-1.918427e-07,5.342373e-07,7.734663e-01,7.751643e-01,7.727346e-01,7.704194e-01
2.040000e-11,-6.176719e-08,2.004194e-07,-1.143651e-07,6.724966e-07,7.734227e-01,7.752204e-01,7.726897e-01,7.706019e-01
2.050000e-11,1.076587e-07,2.091212e-07,-2.176419e-08,7.841482e-07,7.734300e-01,7.752815e-01,7.726703e-01,7.708216e-01
2.060000e-11,2.637305e-07,2.046201e-07,8.034843e-08,8.619340e-07,7.734859e-01,7.753433e-01,7.726801e-01,7.710694e-01
2.070000e-11,3.962778e-07,1.897090e-07,1.856447e-07,9.014992e-07,7.735848e-01,7.754023e-01,7.727210e-01,7.713346e-01
2.080000e-11,4.972175e-07,1.676994e-07,2.874866e-07,9.015514e-07,7.737185e-01,7.754560e-01,7.727928e-01,7.716057e-01
2.090000e-11,5.610275e-07,1.420584e-07,3.793647e-07,8.637833e-07,7.738767e-01,7.755027e-01,7.728936e-01,7.718710e-01
2.100000e-11,5.850216e-07,1.160651e-07,4.553374e-07,7.925782e-07,7.740479e-01,7.755417e-01,7.730195e-01,7.721200e-01
2.110000e-11,5.694112e-07,9.251468e-08,5.104380e-07,6.945315e-07,7.742203e-01,7.755735e-01,7.731648e-01,7.723437e-01
2.120000e-11,5.171608e-07,7.349305e-08,5.410204e-07,5.778342e-07,7.743826e-01,7.755990e-01,7.733229e-01,7.725353e-01
2.130000e-11,4.336551e-07,6.023768e-08,5.450155e-07,4.515722e-07,7.745245e-01,7.756197e-01,7.734859e-01,7.726906e-01
2.140000e-11,3.262089e-07,5.309067e-08,5.220811e-07,3.249985e-07,7.746379e-01,7.756373e-01,7.736461e-01,7.728082e-01
2.150000e-11,2.034629e-07,5.154303e-08,4.736321e-07,2.068341e-07,7.747169e-01,7.756536e-01,7.737954e-01,7.728893e-01
2.160000e-11,7.471225e-08,5.436059e-08,4.027487e-07,1.046493e-07,7.747584e-01,7.756701e-01,7.739267e-01,7.729376e-01
2.170000e-11,-5.078123e-08,5.977522e-08,3.139685e-07,2.436654e-08,7.747619e-01,7.756877e-01,7.740341e-01,7.729586e-01
2.180000e-11,-1.644432e-07,6.572014e-08,2.129780e-07,-3.008359e-08,7.747298e-01,7.757069e-01,7.741131e-01,7.729595e-01
2.190000e-11,-2.589622e-07,7.008509e-08,1.062243e-07,-5.693679e-08,7.746666e-01,7.757274e-01,7.741609e-01,7.729483e-01
2.200000e-11,-3.287485e-07,7.096643e-08,4.763119e-10,-5.659532e-08,7.745789e-01,7.757487e-01,7.741769e-01,7.729331e-01
2.210000e-11,-3.702491e-07,6.688842e-08,-9.763419e-08,-3.146457e-08,7.744747e-01,7.757693e-01,7.741625e-01,7.729216e-01
2.220000e-11,-3.821016e-07,5.697569e-08,-1.820589e-07,1.435269e-08,7.743626e-01,7.757877e-01,7.741208e-01,7.729207e-01
2.230000e-11,-3.651246e-07,4.106177e-08,-2.477348e-07,7.547289e-08,7.742512e-01,7.758022e-01,7.740567e-01,7.729357e-01
2.240000e-11,-3.221513e-07,1.972453e-08,-2.909132e-07,1.457209e-07,7.741489e-01,7.758110e-01,7.739764e-01,7.729702e-01
2.250000e-11,-2.577253e-07,-5.753218e-09,-3.093946e-07,2.186504e-07,7.740625e-01,7.758128e-01,7.738870e-01,7.730260e-01
2.260000e-11,-1.776883e-07,-3.349372e-08,-3.026529e-07,2.880537e-07,7.739978e-01,7.758066e-01,7.737959e-01,7.731030e-01
2.270000e-11,-8.869252e-08,-6.119370e-08,-2.718417e-07,3.484216e-07,7.739582e-01,7.757921e-01,7.737104e-01,7.731992e-01
2.280000e-11,2.321499e-09,-8.633739e-08,-2.196844e-07,3.953228e-07,7.739455e-01,7.757698e-01,7.736375e-01,7.733114e-01
2.290000e-11,8.864335e-08,-1.064335e-07,-1.502580e-07,4.256755e-07,7.739592e-01,7.757408e-01,7.735827e-01,7.734350e-01
2.300000e-11,1.642689e-07,-1.192542e-07,-6.868651e-08,4.378986e-07,7.739971e-01,7.757070e-01,7.735505e-01,7.735649e-01
2.310000e-11,2.243017e-07,-1.230559e-07,1.923086e-08,4.319372e-07,7.740551e-01,7.756708e-01,7.735437e-01,7.736957e-01
2.320000e-11,2.652532e-07,-1.167596e-07,1.074308e-07,4.091676e-07,7.741282e-01,7.756351e-01,7.735632e-01,7.738222e-01
2.330000e-11,2.852255e-07,-1.000772e-07,1.900052e-07,3.721969e-07,7.742103e-01,7.756029e-01,7.736082e-01,7.739397e-01
2.340000e-11,2.839670e-07,-7.357096e-08,2.615992e-07,3.245780e-07,7.742952e-01,7.755773e-01,7.736762e-01,7.740447e-01
2.350000e-11,2.628048e-07,-3.864037e-08,3.177607e-07,2.704690e-07,7.743768e-01,7.755609e-01,7.737632e-01,7.741344e-01
2.360000e-11,2.244634e-07,2.562956e-09,3.552170e-07,2.142660e-07,7.744494e-01,7.755560e-01,7.738642e-01,7.742077e-01
2.370000e-11,1.727889e-07,4.728552e-08,3.720618e-07,1.602390e-07,7.745086e-01,7.755639e-01,7.739732e-01,7.742646e-01
2.380000e-11,1.124042e-07,9.237581e-08,3.678418e-07,1.122008e-07,7.745512e-01,7.755852e-01,7.740840e-01,7.743063e-01
2.390000e-11,4.832299e-08,1.345251e-07,3.435394e-07,7.323299e-08,7.745751e-01,7.756196e-01,7.741906e-01,7.743351e-01
2.400000e-11,-1.444547e-08,1.705260e-07,3.014556e-07,4.548562e-08,7.745802e-01,7.756656e-01,7.742872e-01,7.743539e-01
2.410000e-11,-7.127168e-08,1.975269e-07,2.450059e-07,3.006450e-08,7.745674e-01,7.757210e-01,7.743690e-01,7.743662e-01
2.420000e-11,-1.182340e-07,2.132637e-07,1.784449e-07,2.700820e-08,7.745392e-01,7.757826e-01,7.744324e-01,7.743758e-01
2.430000e-11,-1.523772e-07,2.162471e-07,1.065426e-07,3.535224e-08,7.744990e-01,7.758470e-01,7.744751e-01,7.743862e-01
2.440000e-11,-1.718852e-07,2.058927e-07,3.423674e-08,5.327012e-08,7.744507e-01,7.759101e-01,7.744963e-01,7.744004e-01
2.450000e-11,-1.761592e-07,1.825826e-07,-3.371399e-08,7.827538e-08,7.743989e-01,7.759682e-01,7.744965e-01,7.744210e-01
2.460000e-11,-1.657995e-07,1.476524e-07,-9.305031e-08,1.074651e-07,7.743481e-01,7.760174e-01,7.744778e-01,7.744497e-01
2.470000e-11,-1.424977e-07,1.033051e-07,-1.402853e-07,1.377830e-07,7.743023e-01,7.760548e-01,7.744431e-01,7.744871e-01
2.480000e-11,-1.088498e-07,5.245875e-08,-1.729121e-07,1.662794e-07,7.742650e-01,7.760778e-01,7.743965e-01,7.745333e-01
2.490000e-11,-6.811072e-08,-1.462464e-09,-1.895340e-07,1.903477e-07,7.742387e-01,7.760852e-01,7.743426e-01,7.745872e-01
2.500000e-11,-2.390915e-08,-5.477522e-08,-1.899118e-07,2.079196e-07,7.742251e-01,7.760766e-01,7.742861e-01,7.746473e-01
2.510000e-11,2.005217e-08,-1.038056e-07,-1.749264e-07,2.176044e-07,7.742247e-01,7.760527e-01,7.742319e-01,7.747114e-01
2.520000e-11,6.028745e-08,-1.451574e-07,-1.464651e-07,2.187659e-07,7.742367e-01,7.760153e-01,7.741841e-01,7.747771e-01
2.530000e-11,9.378842e-08,-1.759607e-07,-1.072419e-07,2.115324e-07,7.742598e-01,7.759672e-01,7.741465e-01,7.748419e-01
2.540000e-11,1.182355e-07,-1.940816e-07,-6.056724e-08,1.967436e-07,7.742914e-01,7.759119e-01,7.741217e-01,7.749033e-01
2.550000e-11,1.321458e-07,-1.982775e-07,-1.008678e-08,1.758415e-07,7.743287e-01,7.758533e-01,7.741114e-01,7.749594e-01
2.560000e-11,1.349489e-07,-1.882866e-07,4.049090e-08,1.507173e-07,7.743685e-01,7.757956e-01,7.741161e-01,7.750086e-01
2.570000e-11,1.269884e-07,-1.648455e-07,8.765781e-08,1.235295e-07,7.744074e-01,7.757430e-01,7.741355e-01,7.750501e-01
2.580000e-11,1.094516e-07,-1.296336e-07,1.283423e-07,9.650906e-08,7.744426e-01,7.756992e-01,7.741679e-01,7.750834e-01
2.590000e-11,8.423665e-08,-8.514852e-08,1.601017e-07,7.176811e-08,7.744714e-01,7.756673e-01,7.742112e-01,7.751091e-01
2.600000e-11,5.376952e-08,-3.452349e-08,1.812595e-07,5.112855e-08,7.744919e-01,7.756497e-01,7.742623e-01,7.751280e-01
2.610000e-11,2.078762e-08,1.870065e-08,1.909806e-07,3.598270e-08,7.745029e-01,7.756476e-01,7.743180e-01,7.751416e-01
2.620000e-11,-1.189179e-08,7.083097e-08,1.892818e-07,2.719645e-08,7.745042e-01,7.756613e-01,7.743749e-01,7.751516e-01
2.630000e-11,-4.159979e-08,1.182864e-07,1.769804e-07,2.506058e-08,7.744962e-01,7.756898e-01,7.744298e-01,7.751601e-01
2.640000e-11,-6.602273e-08,1.578513e-07,1.555879e-07,2.929201e-08,7.744801e-01,7.757313e-01,7.744796e-01,7.751688e-01
2.650000e-11,-8.337268e-08,1.868989e-07,1.271596e-07,3.908262e-08,7.744579e-01,7.757830e-01,7.745219e-01,7.751796e-01
2.660000e-11,-9.250939e-08,2.035705e-07,9.411343e-08,5.318941e-08,7.744318e-01,7.758414e-01,7.745551e-01,7.751940e-01
2.670000e-11,-9.300617e-08,2.068965e-07,5.903290e-08,7.005662e-08,7.744042e-01,7.759028e-01,7.745781e-01,7.752130e-01
2.680000e-11,-8.515660e-08,1.968520e-07,2.447036e-08,8.795853e-08,7.743778e-01,7.759632e-01,7.745907e-01,7.752371e-01
2.690000e-11,-6.992381e-08,1.743435e-07,-7.235958e-09,1.051502e-07,7.743548e-01,7.760186e-01,7.745935e-01,7.752665e-01
2.700000e-11,-4.883846e-08,1.411294e-07,-3.411761e-08,1.200133e-07,7.743372e-01,7.760657e-01,7.745875e-01,7.753006e-01
2.710000e-11,-2.385529e-08,9.968107e-08,-5.469458e-08,1.311860e-07,7.743266e-01,7.761015e-01,7.745744e-01,7.753385e-01
2.720000e-11,2.818907e-09,5.299519e-08,-6.805021e-08,1.376655e-07,7.743236e-01,7.761242e-01,7.745563e-01,7.753791e-01
2.730000e-11,2.891137e-08,4.372020e-09,-7.385942e-08,1.388781e-07,7.743284e-01,7.761327e-01,7.745353e-01,7.754207e-01
2.740000e-11,5.226835e-08,-4.282329e-08,-7.237090e-08,1.347100e-07,7.743406e-01,7.761268e-01,7.745136e-01,7.754619e-01
2.750000e-11,7.102439e-08,-8.539931e-08,-6.434751e-08,1.255004e-07,7.743591e-01,7.761076e-01,7.744933e-01,7.755010e-01
2.760000e-11,8.374315e-08,-1.205594e-07,-5.097191e-08,1.119968e-07,7.743822e-01,7.760767e-01,7.744763e-01,7.755368e-01
2.770000e-11,8.951956e-08,-1.460898e-07,-3.372681e-08,9.527963e-08,7.744080e-01,7.760369e-01,7.744637e-01,7.755680e-01
2.780000e-11,8.803660e-08,-1.605017e-07,-1.426070e-08,7.666173e-08,7.744345e-01,7.759911e-01,7.744567e-01,7.755939e-01
2.790000e-11,7.957361e-08,-1.631187e-07,5.749895e-09,5.757363e-08,7.744594e-01,7.759427e-01,7.744555e-01,7.756142e-01
2.800000e-11,6.496701e-08,-1.541035e-07,2.473056e-08,3.944301e-08,7.744809e-01,7.758954e-01,7.744601e-01,7.756290e-01
2.810000e-11,4.552811e-08,-1.344250e-07,4.132205e-08,2.357915e-08,7.744973e-01,7.758524e-01,7.744700e-01,7.756387e-01
2.820000e-11,2.292567e-08,-1.057678e-07,5.446854e-08,1.107122e-08,7.745074e-01,7.758167e-01,7.744843e-01,7.756441e-01
2.830000e-11,-9.564598e-10,-7.039416e-08,6.347574e-08,2.708138e-09,7.745106e-01,7.757905e-01,7.745020e-01,7.756465e-01
2.840000e-11,-2.417468e-08,-3.096726e-08,6.803628e-08,-1.074558e-09,7.745067e-01,7.757755e-01,7.745216e-01,7.756471e-01
2.850000e-11,-4.488141e-08,9.648081e-09,6.822260e-08,-2.174028e-10,7.744963e-01,7.757724e-01,7.745420e-01,7.756472e-01
2.860000e-11,-6.146912e-08,4.859407e-08,6.444994e-08,4.971167e-09,7.744804e-01,7.757813e-01,7.745619e-01,7.756483e-01
2.870000e-11,-7.269162e-08,8.322169e-08,5.741446e-08,1.385210e-08,7.744604e-01,7.758011e-01,7.745801e-01,7.756514e-01
2.880000e-11,-7.775377e-08,1.112715e-07,4.801320e-08,2.551796e-08,7.744380e-01,7.758302e-01,7.745959e-01,7.756577e-01
2.890000e-11,-7.636351e-08,1.310212e-07,3.725348e-08,3.887419e-08,7.744150e-01,7.758665e-01,7.746087e-01,7.756676e-01
2.900000e-11,-6.874318e-08,1.413898e-07,2.615985e-08,5.273213e-08,7.743935e-01,7.759072e-01,7.746183e-01,7.756816e-01
2.910000e-11,-5.560031e-08,1.419927e-07,1.568654e-08,6.590601e-08,7.743750e-01,7.759495e-01,7.746247e-01,7.756996e-01
2.920000e-11,-3.806123e-08,1.331457e-07,6.642126e-09,7.730598e-08,7.743611e-01,7.759906e-01,7.746281e-01,7.757213e-01
2.930000e-11,-1.757377e-08,1.158177e-07,-3.679930e-10,8.602005e-08,7.743530e-01,7.760278e-01,7.746292e-01,7.757459e-01
2.940000e-11,4.212775e-09,9.153890e-08,-4.977654e-09,9.137878e-08,7.743511e-01,7.760587e-01,7.746286e-01,7.757727e-01
2.950000e-11,2.558032e-08,6.227178e-08,-7.072871e-09,9.299849e-08,7.743556e-01,7.760816e-01,7.746269e-01,7.758004e-01
2.960000e-11,4.487682e-08,3.025558e-08,-6.781974e-09,9.080023e-08,7.743663e-01,7.760954e-01,7.746250e-01,7.758281e-01
2.970000e-11,6.064273e-08,-2.163580e-09,-4.445197e-09,8.500422e-08,7.743821e-01,7.760995e-01,7.746235e-01,7.758545e-01
2.980000e-11,7.171954e-08,-3.270409e-08,-5.675892e-10,7.610108e-08,7.744019e-01,7.760943e-01,7.746228e-01,7.758787e-01
2.990000e-11,7.733246e-08,-5.930924e-08,4.239717e-09,6.480312e-08,7.744241e-01,7.760805e-01,7.746235e-01,7.758999e-01
3.000000e-11,7.714159e-08,-8.028550e-08,9.324071e-09,5.198041e-08,7.744472e-01,7.760597e-01,7.746256e-01,7.759175e-01
3.010000e-11,7.125845e-08,-9.440937e-08,1.405575e-08,3.858709e-08,7.744693e-01,7.760336e-01,7.746291e-01,7.759312e-01
3.020000e-11,6.022740e-08,-1.009961e-07,1.788657e-08,2.558439e-08,7.744889e-01,7.760045e-01,7.746339e-01,7.759409e-01
3.030000e-11,4.497441e-08,-9.992712e-08,2.039786e-08,1.386629e-08,7.745045e-01,7.759745e-01,7.746397e-01,7.759470e-01
3.040000e-11,2.672785e-08,-9.163484e-08,2.133399e-08,4.193578e-09,7.745151e-01,7.759460e-01,7.746459e-01,7.759499e-01
3.050000e-11,6.918138e-09,-7.704884e-08,2.061916e-08,-2.858843e-09,7.745201e-01,7.759208e-01,7.746522e-01,7.759502e-01
3.060000e-11,-1.293569e-08,-5.750761e-08,1.835678e-08,-6.937990e-09,7.745191e-01,7.759008e-01,7.746580e-01,7.759490e-01
3.070000e-11,-3.134324e-08,-3.464445e-08,1.481217e-08,-7.930051e-09,7.745124e-01,7.758871e-01,7.746629e-01,7.759469e-01
3.080000e-11,-4.695514e-08,-1.025656e-08,1.038080e-08,-5.958374e-09,7.745007e-01,7.758805e-01,7.746666e-01,7.759450e-01
3.090000e-11,-5.866181e-08,1.383242e-08,5.545574e-09,-1.363246e-09,7.744849e-01,7.758811e-01,7.746690e-01,7.759441e-01
3.100000e-11,-6.567169e-08,3.590583e-08,8.273118e-10,5.334136e-09,7.744663e-01,7.758885e-01,7.746700e-01,7.759449e-01
3.110000e-11,-6.756347e-08,5.447407e-08,-3.266885e-09,1.347995e-08,7.744465e-01,7.759021e-01,7.746696e-01,7.759479e-01
3.120000e-11,-6.430894e-08,6.837276e-08,-6.292637e-09,2.234393e-08,7.744268e-01,7.759204e-01,7.746682e-01,7.759534e-01
3.130000e-11,-5.626565e-08,7.683282e-08,-7.910370e-09,3.117881e-08,7.744089e-01,7.759421e-01,7.746662e-01,7.759616e-01
3.140000e-11,-4.414061e-08,7.951838e-08,-7.916885e-09,3.927803e-08,7.743939e-01,7.759654e-01,7.746639e-01,7.759723e-01
3.150000e-11,-2.892862e-08,7.653122e-08,-6.263857e-09,4.602755e-08,7.743831e-01,7.759887e-01,7.746619e-01,7.759851e-01
3.160000e-11,-1.183053e-08,6.838263e-08,-3.061913e-09,5.094793e-08,7.743771e-01,7.760103e-01,7.746606e-01,7.759998e-01
3.170000e-11,5.841859e-09,5.593637e-08,1.429766e-09,5.372382e-08,7.743763e-01,7.760289e-01,7.746604e-01,7.760155e-01
3.180000e-11,2.276671e-08,4.032812e-08,6.827126e-09,5.421935e-08,7.743806e-01,7.760432e-01,7.746618e-01,7.760318e-01
3.190000e-11,3.771114e-08,2.286844e-08,1.265587e-08,5.247888e-08,7.743897e-01,7.760526e-01,7.746648e-01,7.760478e-01
3.200000e-11,4.962084e-08,4.937227e-09,1.839385e-08,4.871381e-08,7.744028e-01,7.760568e-01,7.746695e-01,7.760630e-01
3.210000e-11,5.769395e-08,-1.212209e-08,2.351734e-08,4.327722e-08,7.744188e-01,7.760557e-01,7.746758e-01,7.760768e-01
3.220000e-11,6.143398e-08,-2.710075e-08,2.754723e-08,3.662898e-08,7.744366e-01,7.760498e-01,7.746835e-01,7.760889e-01
3.230000e-11,6.067836e-08,-3.900810e-08,3.009105e-08,2.929456e-08,7.744548e-01,7.760400e-01,7.746922e-01,7.760988e-01
3.240000e-11,5.560141e-08,-4.713490e-08,3.087733e-08,2.182105e-08,7.744722e-01,7.760272e-01,7.747013e-01,7.761066e-01
3.250000e-11,4.669190e-08,-5.109238e-08,2.977943e-08,1.473404e-08,7.744874e-01,7.760125e-01,7.747104e-01,7.761121e-01
3.260000e-11,3.470793e-08,-5.082542e-08,2.682699e-08,8.498660e-09,7.744995e-01,7.759974e-01,7.747189e-01,7.761157e-01
3.270000e-11,2.061293e-08,-4.659986e-08,2.220408e-08,3.487530e-09,7.745077e-01,7.759829e-01,7.747262e-01,7.761176e-01
3.280000e-11,5.498347e-09,-3.896624e-08,1.623444e-08,-4.215226e-11,7.745116e-01,7.759701e-01,7.747319e-01,7.761182e-01
3.290000e-11,-9.501041e-09,-2.870361e-08,9.355109e-09,-1.961235e-09,7.745110e-01,7.759601e-01,7.747357e-01,7.761180e-01
3.300000e-11,-2.329243e-08,-1.674876e-08,2.080844e-09,-2.270479e-09,7.745060e-01,7.759533e-01,7.747374e-01,7.761175e-01
3.310000e-11,-3.490465e-08,-4.116755e-09,-5.037726e-09,-1.092199e-09,7.744973e-01,7.759503e-01,7.747369e-01,7.761171e-01
3.320000e-11,-4.355637e-08,8.180604e-09,-1.145863e-08,1.347077e-09,7.744856e-01,7.759509e-01,7.747345e-01,7.761173e-01
3.330000e-11,-4.870806e-08,1.921218e-08,-1.669215e-08,4.740996e-09,7.744718e-01,7.759550e-01,7.747303e-01,7.761183e-01
3.340000e-11,-5.009444e-08,2.819497e-08,-2.033985e-08,8.732477e-09,7.744571e-01,7.759621e-01,7.747247e-01,7.761204e-01
3.350000e-11,-4.773552e-08,3.454695e-08,-2.212606e-08,1.294490e-08,7.744425e-01,7.759714e-01,7.747184e-01,7.761237e-01
3.360000e-11,-4.192606e-08,3.792186e-08,-2.191921e-08,1.701281e-08,7.744291e-01,7.759822e-01,7.747119e-01,7.761282e-01
3.370000e-11,-3.320503e-08,3.822410e-08,-1.974155e-08,2.060966e-08,7.744180e-01,7.759936e-01,7.747057e-01,7.761339e-01
3.380000e-11,-2.230787e-08,3.560351e-08,-1.576657e-08,2.347069e-08,7.744097e-01,7.760046e-01,7.747004e-01,7.761406e-01
3.390000e-11,-1.010573e-08,3.043132e-08,-1.030441e-08,2.540923e-08,7.744049e-01,7.760144e-01,7.746966e-01,7.761480e-01
3.400000e-11,2.463406e-09,2.326000e-08,-3.776814e-09,2.632574e-08,7.744038e-01,7.760224e-01,7.746946e-01,7.761557e-01
3.410000e-11,1.446625e-08,1.477086e-08,3.316565e-09,2.620926e-08,7.744064e-01,7.760280e-01,7.746945e-01,7.761636e-01
3.420000e-11,2.504304e-08,5.714089e-09,1.043738e-08,2.513154e-08,7.744123e-01,7.760311e-01,7.746967e-01,7.761714e-01
3.430000e-11,3.346861e-08,-3.153859e-09,1.705043e-08,2.323505e-08,7.744211e-01,7.760314e-01,7.747008e-01,7.761787e-01
3.440000e-11,3.920136e-08,-1.113044e-08,2.266456e-08,2.071604e-08,7.744319e-01,7.760293e-01,7.747068e-01,7.761853e-01
3.450000e-11,4.191695e-08,-1.762015e-08,2.686970e-08,1.780449e-08,7.744440e-01,7.760250e-01,7.747142e-01,7.761911e-01
3.460000e-11,4.152474e-08,-2.217680e-08,2.936688e-08,1.474272e-08,7.744565e-01,7.760191e-01,7.747227e-01,7.761960e-01
3.470000e-11,3.816617e-08,-2.453205e-08,2.998938e-08,1.176468e-08,7.744684e-01,7.760122e-01,7.747315e-01,7.762000e-01
3.480000e-11,3.219617e-08,-2.460853e-08,2.871317e-08,9.077326e-09,7.744788e-01,7.760049e-01,7.747403e-01,7.762032e-01
3.490000e-11,2.414911e-08,-2.251727e-08,2.565636e-08,6.845741e-09,7.744872e-01,7.759979e-01,7.747484e-01,7.762057e-01
3.500000e-11,1.469289e-08,-1.854015e-08,2.106767e-08,5.182844e-09,7.744930e-01,7.759918e-01,7.747554e-01,7.762075e-01
3.510000e-11,4.574497e-09,-1.309961e-08,1.530522e-08,4.144249e-09,7.744958e-01,7.759871e-01,7.747608e-01,7.762090e-01
3.520000e-11,-5.438160e-09,-6.718309e-09,8.807327e-09,3.728384e-09,7.744957e-01,7.759842e-01,7.747644e-01,7.762102e-01
3.530000e-11,-1.461398e-08,2.743024e-11,2.057885e-09,3.881460e-09,7.744927e-01,7.759832e-01,7.747660e-01,7.762114e-01
3.540000e-11,-2.231152e-08,6.556580e-09,-4.451011e-09,4.506541e-09,7.744872e-01,7.759842e-01,7.747657e-01,7.762128e-01
3.550000e-11,-2.802319e-08,1.233071e-08,-1.025620e-08,5.475646e-09,7.744796e-01,7.759871e-01,7.747635e-01,7.762143e-01
3.560000e-11,-3.140793e-08,1.689594e-08,-1.495749e-08,6.643623e-09,7.744708e-01,7.759914e-01,7.747597e-01,7.762162e-01
3.570000e-11,-3.231016e-08,1.991645e-08,-1.824617e-08,7.862466e-09,7.744613e-01,7.759969e-01,7.747548e-01,7.762184e-01
3.580000e-11,-3.076429e-08,2.119710e-08,-1.992575e-08,8.994796e-09,7.744519e-01,7.760030e-01,7.747491e-01,7.762209e-01
3.590000e-11,-2.698485e-08,2.069390e-08,-1.992380e-08,9.925366e-09,7.744433e-01,7.760093e-01,7.747432e-01,7.762238e-01
3.600000e-11,-2.134350e-08,1.851187e-08,-1.829399e-08,1.056972e-08,7.744361e-01,7.760151e-01,7.747375e-01,7.762269e-01
3.610000e-11,-1.433529e-08,1.489093e-08,-1.520858e-08,1.087940e-08,7.744308e-01,7.760201e-01,7.747325e-01,7.762301e-01
3.620000e-11,-6.536879e-09,1.018150e-08,-1.094217e-08,1.084349e-08,7.744277e-01,7.760238e-01,7.747286e-01,7.762334e-01
3.630000e-11,1.439634e-09,4.811934e-09,-5.848133e-09,1.048659e-08,7.744270e-01,7.760260e-01,7.747261e-01,7.762366e-01
3.640000e-11,8.993838e-09,-7.490484e-10,-3.298329e-10,9.863587e-09,7.744285e-01,7.760266e-01,7.747253e-01,7.762397e-01
3.650000e-11,1.558137e-08,-6.031992e-09,5.191075e-09,9.051972e-09,7.744322e-01,7.760256e-01,7.747260e-01,7.762425e-01
3.660000e-11,2.075237e-08,-1.060498e-08,1.030676e-08,8.142535e-09,7.744376e-01,7.760231e-01,7.747283e-01,7.762451e-01
3.670000e-11,2.418134e-08,-1.410763e-08,1.465327e-08,7.229357e-09,7.744444e-01,7.760194e-01,7.747321e-01,7.762475e-01
3.680000e-11,2.568647e-08,-1.627813e-08,1.793631e-08,6.400124e-09,7.744518e-01,7.760148e-01,7.747370e-01,7.762496e-01
3.690000e-11,2.523747e-08,-1.697159e-08,1.995086e-08,5.727627e-09,7.744594e-01,7.760099e-01,7.747426e-01,7.762514e-01
3.700000e-11,2.295166e-08,-1.616819e-08,2.059351e-08,5.263183e-09,7.744666e-01,7.760050e-01,7.747487e-01,7.762531e-01
3.710000e-11,1.907910e-08,-1.397119e-08,1.986653e-08,5.032512e-09,7.744728e-01,7.760005e-01,7.747548e-01,7.762547e-01
3.720000e-11,1.397840e-08,-1.059494e-08,1.787393e-08,5.034331e-09,7.744777e-01,7.759969e-01,7.747604e-01,7.762562e-01
3.730000e-11,8.085254e-09,-6.344446e-09,1.480992e-08,5.241683e-09,7.744810e-01,7.759944e-01,7.747653e-01,7.762578e-01
3.740000e-11,1.876478e-09,-1.588151e-09,1.094091e-08,5.605742e-09,7.744825e-01,7.759932e-01,7.747691e-01,7.762595e-01
3.750000e-11,-4.167641e-09,3.273493e-09,6.582737e-09,6.061650e-09,7.744821e-01,7.759935e-01,7.747717e-01,7.762612e-01
3.760000e-11,-9.599704e-09,7.841158e-09,2.075018e-09,6.535729e-09,7.744801e-01,7.759952e-01,7.747730e-01,7.762632e-01
3.770000e-11,-1.403761e-08,1.174872e-08,-2.245422e-09,6.953347e-09,7.744765e-01,7.759981e-01,7.747730e-01,7.762652e-01
3.780000e-11,-1.719073e-08,1.469180e-08,-6.069830e-09,7.246652e-09,7.744719e-01,7.760021e-01,7.747718e-01,7.762674e-01
3.790000e-11,-1.887805e-08,1.645054e-08,-9.139707e-09,7.361452e-09,7.744665e-01,7.760067e-01,7.747695e-01,7.762696e-01
3.800000e-11,-1.903734e-08,1.690509e-08,-1.126430e-08,7.262599e-09,7.744609e-01,7.760117e-01,7.747665e-01,7.762718e-01
3.810000e-11,-1.772483e-08,1.604263e-08,-1.233224e-08,6.937405e-09,7.744554e-01,7.760166e-01,7.747629e-01,7.762739e-01
3.820000e-11,-1.510607e-08,1.395575e-08,-1.231663e-08,6.396821e-09,7.744505e-01,7.760211e-01,7.747593e-01,7.762759e-01
3.830000e-11,-1.143870e-08,1.083249e-08,-1.127347e-08,5.674306e-09,7.744466e-01,7.760248e-01,7.747558e-01,7.762777e-01
3.840000e-11,-7.049027e-09,6.939085e-09,-9.333835e-09,4.822543e-09,7.744438e-01,7.760274e-01,7.747527e-01,7.762793e-01
3.850000e-11,-2.304295e-09,2.596998e-09,-6.690604e-09,3.908346e-09,7.744424e-01,7.760288e-01,7.747503e-01,7.762806e-01
3.860000e-11,2.417012e-09,-1.843846e-09,-3.580968e-09,3.006263e-09,7.744425e-01,7.760289e-01,7.747488e-01,7.762817e-01
3.870000e-11,6.754515e-09,-6.033323e-09,-2.663246e-10,2.191492e-09,7.744438e-01,7.760277e-01,7.747483e-01,7.762825e-01
3.880000e-11,1.039269e-08,-9.648681e-09,2.988862e-09,1.532772e-09,7.744464e-01,7.760253e-01,7.747487e-01,7.762831e-01
3.890000e-11,1.308312e-08,-1.241923e-08,5.937520e-09,1.085899e-09,7.744499e-01,7.760220e-01,7.747500e-01,7.762835e-01
3.900000e-11,1.466066e-08,-1.414629e-08,8.368191e-09,8.884602e-10,7.744540e-01,7.760181e-01,7.747522e-01,7.762838e-01
3.910000e-11,1.505263e-08,-1.471702e-08,1.011970e-08,9.562551e-10,7.744585e-01,7.760138e-01,7.747549e-01,7.762841e-01
3.920000e-11,1.428050e-08,-1.411113e-08,1.109127e-08,1.281698e-09,7.744628e-01,7.760095e-01,7.747581e-01,7.762844e-01
3.930000e-11,1.245431e-08,-1.240022e-08,1.124750e-08,1.834342e-09,7.744668e-01,7.760055e-01,7.747614e-01,7.762849e-01
3.940000e-11,9.760574e-09,-9.739936e-09,1.061802e-08,2.563456e-09,7.744701e-01,7.760022e-01,7.747647e-01,7.762856e-01
3.950000e-11,6.444701e-09,-6.355827e-09,9.292109e-09,3.402396e-09,7.744725e-01,7.759999e-01,7.747677e-01,7.762865e-01
3.960000e-11,2.789714e-09,-2.524119e-09,7.408847e-09,4.274390e-09,7.744739e-01,7.759986e-01,7.747702e-01,7.762877e-01
3.970000e-11,-9.071120e-10,1.450939e-09,5.143850e-09,5.099195e-09,7.744742e-01,7.759984e-01,7.747720e-01,7.762891e-01
3.980000e-11,-4.357755e-09,5.261293e-09,2.693720e-09,5.800044e-09,7.744734e-01,7.759994e-01,7.747732e-01,7.762908e-01
3.990000e-11,-7.305282e-09,8.618955e-09,2.595556e-10,6.310274e-09,7.744716e-01,7.760015e-01,7.747736e-01,7.762926e-01
4.000000e-11,-9.542407e-09,1.127767e-08,-1.969144e-09,6.579060e-09,7.744691e-01,7.760045e-01,7.747734e-01,7.762946e-01
4.010000e-11,-1.092548e-08,1.305080e-08,-3.828915e-09,6.575758e-09,7.744661e-01,7.760081e-01,7.747725e-01,7.762965e-01
4.020000e-11,-1.138303e-08,1.382409e-08,-5.194042e-09,6.292510e-09,7.744628e-01,7.760122e-01,7.747712e-01,7.762985e-01
4.030000e-11,-1.091830e-08,1.356250e-08,-5.984740e-09,5.744884e-09,7.744594e-01,7.760162e-01,7.747695e-01,7.763003e-01
4.040000e-11,-9.606083e-09,1.231084e-08,-6.171299e-09,4.970521e-09,7.744564e-01,7.760201e-01,7.747677e-01,7.763019e-01
4.050000e-11,-7.583951e-09,1.018811e-08,-5.774042e-09,4.025927e-09,7.744538e-01,7.760234e-01,7.747660e-01,7.763032e-01
4.060000e-11,-5.039137e-09,7.376433e-09,-4.859283e-09,2.981686e-09,7.744520e-01,7.760261e-01,7.747644e-01,7.763043e-01
4.070000e-11,-2.192004e-09,4.105369e-09,-3.531777e-09,1.916524e-09,7.744509e-01,7.760278e-01,7.747631e-01,7.763050e-01
4.080000e-11,7.223644e-10,6.331054e-10,-1.924425e-09,9.107437e-10,7.744507e-01,7.760284e-01,7.747623e-01,7.763055e-01
4.090000e-11,3.473009e-09,-2.774040e-09,-1.861690e-10,3.956599e-11,7.744513e-01,7.760281e-01,7.747620e-01,7.763056e-01
4.100000e-11,5.850875e-09,-5.862122e-09,1.530861e-09,-6.330330e-10,7.744527e-01,7.760268e-01,7.747622e-01,7.763055e-01
4.110000e-11,7.684205e-09,-8.408527e-09,3.083887e-09,-1.059501e-09,7.744547e-01,7.760247e-01,7.747629e-01,7.763053e-01
4.120000e-11,8.850447e-09,-1.023798e-08,4.350708e-09,-1.212474e-09,7.744572e-01,7.760219e-01,7.747640e-01,7.763050e-01
4.130000e-11,9.283877e-09,-1.123444e-08,5.238756e-09,-1.086829e-09,7.744599e-01,7.760187e-01,7.747655e-01,7.763046e-01
4.140000e-11,8.978530e-09,-1.134818e-08,5.691349e-09,-6.998847e-10,7.744626e-01,7.760153e-01,7.747671e-01,7.763044e-01
4.150000e-11,7.986369e-09,-1.059748e-08,5.690734e-09,-8.974357e-11,7.744651e-01,7.760121e-01,7.747688e-01,7.763043e-01
4.160000e-11,6.411029e-09,-9.065228e-09,5.257820e-09,6.880472e-10,7.744673e-01,7.760091e-01,7.747704e-01,7.763044e-01
4.170000e-11,4.397791e-09,-6.890613e-09,4.448751e-09,1.565228e-09,7.744689e-01,7.760068e-01,7.747719e-01,7.763047e-01
4.180000e-11,2.120690e-09,-4.256819e-09,3.348726e-09,2.466534e-09,7.744698e-01,7.760051e-01,7.747730e-01,7.763054e-01
4.190000e-11,-2.321199e-10,-1.375781e-09,2.063687e-09,3.315900e-09,7.744701e-01,7.760043e-01,7.747738e-01,7.763062e-01
4.200000e-11,-2.473551e-09,1.528773e-09,7.106293e-10,4.042634e-09,7.744697e-01,7.760043e-01,7.747743e-01,7.763074e-01
4.210000e-11,-4.432118e-09,4.238620e-09,-5.926054e-10,4.587068e-09,7.744687e-01,7.760052e-01,7.747743e-01,7.763087e-01
4.220000e-11,-5.964719e-09,6.557364e-09,-1.737206e-09,4.905212e-09,7.744671e-01,7.760068e-01,7.747739e-01,7.763101e-01
4.230000e-11,-6.966744e-09,8.324554e-09,-2.632136e-09,4.972063e-09,7.744652e-01,7.760090e-01,7.747733e-01,7.763116e-01
4.240000e-11,-7.378809e-09,9.426609e-09,-3.211071e-09,4.783312e-09,7.744631e-01,7.760117e-01,7.747724e-01,7.763130e-01
4.250000e-11,-7.189740e-09,9.803818e-09,-3.437026e-09,4.355333e-09,7.744609e-01,7.760145e-01,7.747714e-01,7.763144e-01
4.260000e-11,-6.435690e-09,9.453011e-09,-3.304371e-09,3.723501e-09,7.744589e-01,7.760174e-01,7.747704e-01,7.763156e-01
4.270000e-11,-5.195616e-09,8.425852e-09,-2.838175e-09,2.938982e-09,7.744571e-01,7.760201e-01,7.747695e-01,7.763166e-01
4.280000e-11,-3.583596e-09,6.823026e-09,-2.091015e-09,2.064308e-09,7.744558e-01,7.760224e-01,7.747688e-01,7.763174e-01
4.290000e-11,-1.738688e-09,4.784912e-09,-1.137613e-09,1.168108e-09,7.744550e-01,7.760241e-01,7.747683e-01,7.763178e-01
4.300000e-11,1.867777e-10,2.479564e-09,-6.780964e-11,3.194444e-10,7.744548e-01,7.760252e-01,7.747682e-01,7.763181e-01
4.310000e-11,2.039525e-09,8.902743e-11,1.021482e-09,-4.177811e-10,7.744552e-01,7.760255e-01,7.747683e-01,7.763181e-01
4.320000e-11,3.677280e-09,-2.204931e-09,2.034648e-09,-9.898871e-10,7.744560e-01,7.760252e-01,7.747688e-01,7.763179e-01
4.330000e-11,4.979448e-09,-4.234551e-09,2.885363e-09,-1.357547e-09,7.744573e-01,7.760242e-01,7.747695e-01,7.763175e-01
4.340000e-11,5.855723e-09,-5.858245e-09,3.503565e-09,-1.498675e-09,7.744589e-01,7.760227e-01,7.747705e-01,7.763171e-01
4.350000e-11,6.252039e-09,-6.970344e-09,3.840850e-09,-1.409850e-09,7.744607e-01,7.760208e-01,7.747716e-01,7.763167e-01
4.360000e-11,6.153506e-09,-7.507743e-09,3.873909e-09,-1.106207e-09,7.744626e-01,7.760187e-01,7.747727e-01,7.763163e-01
4.370000e-11,5.584196e-09,-7.453077e-09,3.605779e-09,-6.198074e-10,7.744643e-01,7.760164e-01,7.747738e-01,7.763161e-01
4.380000e-11,4.603920e-09,-6.834296e-09,3.064868e-09,3.311143e-12,7.744658e-01,7.760143e-01,7.747748e-01,7.763160e-01
4.390000e-11,3.302354e-09,-5.720813e-09,2.301904e-09,7.071697e-10,7.744670e-01,7.760124e-01,7.747756e-01,7.763161e-01
4.400000e-11,1.791045e-09,-4.216644e-09,1.385122e-09,1.430598e-09,7.744678e-01,7.760110e-01,7.747762e-01,7.763164e-01
4.410000e-11,1.940188e-10,-2.451174e-09,3.941346e-10,2.112303e-09,7.744681e-01,7.760100e-01,7.747764e-01,7.763170e-01
4.420000e-11,-1.362260e-09,-5.683484e-10,-5.869749e-10,2.695841e-09,7.744679e-01,7.760095e-01,7.747764e-01,7.763177e-01
4.430000e-11,-2.758761e-09,1.284829e-09,-1.476741e-09,3.134082e-09,7.744673e-01,7.760096e-01,7.747761e-01,7.763186e-01
4.440000e-11,-3.892841e-09,2.969589e-09,-2.203007e-09,3.392827e-09,7.744663e-01,7.760103e-01,7.747755e-01,7.763195e-01
4.450000e-11,-4.685613e-09,4.365615e-09,-2.708670e-09,3.453286e-09,7.744650e-01,7.760114e-01,7.747748e-01,7.763206e-01
4.460000e-11,-5.087233e-09,5.379457e-09,-2.956050e-09,3.313259e-09,7.744635e-01,7.760128e-01,7.747740e-01,7.763216e-01
4.470000e-11,-5.079743e-09,5.950559e-09,-2.929547e-09,2.986932e-09,7.744620e-01,7.760145e-01,7.747731e-01,7.763225e-01
4.480000e-11,-4.677364e-09,6.054541e-09,-2.636430e-09,2.503359e-09,7.744606e-01,7.760163e-01,7.747723e-01,7.763233e-01
4.490000e-11,-3.924290e-09,5.703575e-09,-2.105724e-09,1.903756e-09,7.744593e-01,7.760181e-01,7.747716e-01,7.763240e-01
4.500000e-11,-2.890245e-09,4.943960e-09,-1.385359e-09,1.237878e-09,7.744583e-01,7.760197e-01,7.747710e-01,7.763245e-01
4.510000e-11,-1.664230e-09,3.851175e-09,-5.378373e-10,5.597703e-10,7.744576e-01,7.760210e-01,7.747708e-01,7.763247e-01
4.520000e-11,-3.469960e-10,2.522901e-09,3.651828e-10,-7.672050e-11,7.744573e-01,7.760219e-01,7.747707e-01,7.763248e-01
4.530000e-11,9.571164e-10,1.070618e-09,1.248912e-09,-6.223298e-10,7.744574e-01,7.760224e-01,7.747710e-01,7.763247e-01
4.540000e-11,2.148338e-09,-3.895037e-10,2.041572e-09,-1.036283e-09,7.744579e-01,7.760225e-01,7.747715e-01,7.763245e-01
4.550000e-11,3.138984e-09,-1.745712e-09,2.680145e-09,-1.289426e-09,7.744587e-01,7.760222e-01,7.747722e-01,7.763241e-01
4.560000e-11,3.859784e-09,-2.899062e-09,3.115284e-09,-1.366341e-09,7.744597e-01,7.760215e-01,7.747731e-01,7.763237e-01
4.570000e-11,4.264559e-09,-3.770474e-09,3.314994e-09,-1.266300e-09,7.744609e-01,7.760205e-01,7.747740e-01,7.763234e-01
4.580000e-11,4.332969e-09,-4.305972e-09,3.266839e-09,-1.002994e-09,7.744622e-01,7.760193e-01,7.747750e-01,7.763230e-01
4.590000e-11,4.071170e-09,-4.479776e-09,2.978512e-09,-6.031072e-10,7.744635e-01,7.760180e-01,7.747759e-01,7.763228e-01
4.600000e-11,3.510413e-09,-4.295084e-09,2.476782e-09,-1.038510e-10,7.744646e-01,7.760167e-01,7.747767e-01,7.763227e-01
4.610000e-11,2.703767e-09,-3.782587e-09,1.804927e-09,4.502921e-10,7.744655e-01,7.760155e-01,7.747774e-01,7.763227e-01
4.620000e-11,1.721277e-09,-2.996926e-09,1.018913e-09,1.011353e-09,7.744662e-01,7.760145e-01,7.747778e-01,7.763230e-01
4.630000e-11,6.439942e-10,-2.011440e-09,1.826422e-10,1.531859e-09,7.744665e-01,7.760138e-01,7.747780e-01,7.763234e-01
4.640000e-11,-4.426253e-10,-9.116869e-10,-6.373154e-10,1.968688e-09,7.744665e-01,7.760133e-01,7.747779e-01,7.763239e-01
4.650000e-11,-1.455424e-09,2.117081e-10,-1.377080e-09,2.286492e-09,7.744663e-01,7.760132e-01,7.747776e-01,7.763245e-01
4.660000e-11,-2.319833e-09,1.270302e-09,-1.980471e-09,2.460406e-09,7.744657e-01,7.760134e-01,7.747771e-01,7.763252e-01
4.670000e-11,-2.975268e-09,2.184605e-09,-2.403292e-09,2.477854e-09,7.744649e-01,7.760140e-01,7.747764e-01,7.763260e-01
4.680000e-11,-3.379273e-09,2.889879e-09,-2.616542e-09,2.339314e-09,7.744640e-01,7.760147e-01,7.747757e-01,7.763267e-01
4.690000e-11,-3.510109e-09,3.340535e-09,-2.608362e-09,2.058004e-09,7.744629e-01,7.760157e-01,7.747749e-01,7.763274e-01
4.700000e-11,-3.367670e-09,3.512866e-09,-2.384554e-09,1.658546e-09,7.744619e-01,7.760167e-01,7.747742e-01,7.763279e-01
4.710000e-11,-2.972708e-09,3.405955e-09,-1.967706e-09,1.174725e-09,7.744610e-01,7.760177e-01,7.747735e-01,7.763283e-01
4.720000e-11,-2.364482e-09,3.040765e-09,-1.394998e-09,6.465582e-10,7.744602e-01,7.760187e-01,7.747730e-01,7.763286e-01
4.730000e-11,-1.597086e-09,2.457563e-09,-7.149193e-10,1.169099e-10,7.744596e-01,7.760195e-01,7.747727e-01,7.763287e-01
4.740000e-11,-7.347640e-10,1.711945e-09,1.682476e-11,-3.720429e-10,7.744592e-01,7.760201e-01,7.747726e-01,7.763287e-01
4.750000e-11,1.533703e-10,8.698198e-10,7.418721e-10,-7.822239e-10,7.744591e-01,7.760205e-01,7.747727e-01,7.763285e-01
4.760000e-11,9.987945e-10,1.806519e-12,1.403849e-09,-1.082665e-09,7.744593e-01,7.760206e-01,7.747731e-01,7.763282e-01
4.770000e-11,1.738791e-09,-8.225142e-10,1.952738e-09,-1.251877e-09,7.744597e-01,7.760205e-01,7.747736e-01,7.763279e-01
4.780000e-11,2.321022e-09,-1.540022e-09,2.348630e-09,-1.279402e-09,7.744603e-01,7.760201e-01,7.747742e-01,7.763275e-01
4.790000e-11,2.707134e-09,-2.098748e-09,2.564577e-09,-1.166448e-09,7.744611e-01,7.760196e-01,7.747749e-01,7.763271e-01
4.800000e-11,2.875167e-09,-2.461499e-09,2.588357e-09,-9.255571e-10,7.744619e-01,7.760189e-01,7.747757e-01,7.763268e-01
4.810000e-11,2.820610e-09,-2.608162e-09,2.423025e-09,-5.793730e-10,7.744628e-01,7.760182e-01,7.747765e-01,7.763266e-01
4.820000e-11,2.556080e-09,-2.536582e-09,2.086259e-09,-1.586136e-10,7.744636e-01,7.760174e-01,7.747771e-01,7.763265e-01
4.830000e-11,2.109713e-09,-2.261979e-09,1.608568e-09,3.005669e-10,7.744643e-01,7.760167e-01,7.747777e-01,7.763265e-01
4.840000e-11,1.522417e-09,-1.815025e-09,1.030558e-09,7.596009e-10,7.744648e-01,7.760161e-01,7.747781e-01,7.763267e-01
4.850000e-11,8.442622e-10,-1.238778e-09,3.994711e-10,1.180664e-09,7.744652e-01,7.760156e-01,7.747783e-01,7.763270e-01
4.860000e-11,1.302996e-10,-5.847699e-10,-2.346851e-10,1.529709e-09,7.744653e-01,7.760154e-01,7.747783e-01,7.763274e-01
4.870000e-11,-5.638330e-10,9.142974e-11,-8.231182e-10,1.779133e-09,7.744652e-01,7.760153e-01,7.747781e-01,7.763279e-01
4.880000e-11,-1.186185e-09,7.347762e-10,-1.322017e-09,1.909875e-09,7.744650e-01,7.760154e-01,7.747778e-01,7.763285e-01
4.890000e-11,-1.692316e-09,1.295096e-09,-1.695819e-09,1.912782e-09,7.744645e-01,7.760157e-01,7.747774e-01,7.763290e-01
4.900000e-11,-2.048401e-09,1.730872e-09,-1.919732e-09,1.789153e-09,7.744640e-01,7.760162e-01,7.747768e-01,7.763296e-01
4.910000e-11,-2.233391e-09,2.012191e-09,-1.981342e-09,1.550434e-09,7.744633e-01,7.760167e-01,7.747763e-01,7.763301e-01
4.920000e-11,-2.240126e-09,2.122660e-09,-1.881201e-09,1.217101e-09,7.744627e-01,7.760173e-01,7.747757e-01,7.763305e-01
4.930000e-11,-2.075326e-09,2.060173e-09,-1.632383e-09,8.168456e-10,7.744620e-01,7.760180e-01,7.747752e-01,7.763308e-01
4.940000e-11,-1.758529e-09,1.836513e-09,-1.259078e-09,3.822178e-10,7.744615e-01,7.760185e-01,7.747747e-01,7.763310e-01
4.950000e-11,-1.320085e-09,1.475874e-09,-7.943599e-10,-5.207427e-11,7.744610e-01,7.760190e-01,7.747744e-01,7.763310e-01
4.960000e-11,-7.984008e-10,1.012451e-09,-2.773237e-10,-4.519808e-10,7.744607e-01,7.760194e-01,7.747743e-01,7.763309e-01
4.970000e-11,-2.366811e-10,4.873314e-10,2.501491e-10,-7.868180e-10,7.744605e-01,7.760196e-01,7.747743e-01,7.763308e-01
4.980000e-11,3.205735e-10,-5.503764e-11,7.467461e-10,-1.031652e-09,7.744606e-01,7.760197e-01,7.747744e-01,7.763305e-01
4.990000e-11,8.310246e-10,-5.705206e-10,1.174926e-09,-1.169173e-09,7.744607e-01,7.760196e-01,7.747747e-01,7.763302e-01
